t[yr],B[G],L[erg/s],P_fill[s],Pdot_fill[s/s],chi[rad],P_vac[s],Pdot_vac[s/s],P_vacObs[s],Pdot_vacObs[s/s],bpol,etor,btorAvg
0,1E+12,1.245832e+36,0.001,1.0167418456332277e-12,1.0471975511965976,0.001,2.904976701809222e-13,0.001,6.488485525307124e-13,300000000000000.0,50,5.2E+13
0.999999978,9.9942E+11,5.8828119e+34,0.001028394,9.842215240731525e-13,1.0402296314313149,0.001008207,2.8783290705617673e-13,0.001018242,6.36561231333708e-13,300000000000000.0,50,5.2E+13
2.011999978,9.9936E+11,5.6114163e+34,0.001059292,9.518163625086684e-13,1.032775014278241,0.001017352,2.8521058682187653e-13,0.001038362,6.241500843292167e-13,300000000000000.0,50,5.2E+13
3.029999978,9.993E+11,5.5112875e+34,0.001089383,9.220567953176486e-13,1.0256383094596893,0.001026469,2.8264369542032333e-13,0.001058216,6.123667573459379e-13,300000000000000.0,50,5.2E+13
4.066999978,9.99239E+11,5.4344576e+34,0.0011191,8.94263212042517e-13,1.0187047452956337,0.001035673,2.800977820355642e-13,0.001078065,6.01018815488513e-13,300000000000000.0,50,5.2E+13
5.101999978,9.99179E+11,5.3672507e+34,0.001147896,8.687290838255536e-13,1.012091082867836,0.001044777,2.7762309378810246e-13,0.001097518,5.902942310540257e-13,300000000000000.0,50,5.2E+13
6.154999978,9.99117E+11,5.3015816e+34,0.001176375,8.447288154839865e-13,1.0056482151519008,0.001053959,2.7517044810383474e-13,0.001116961,5.799469333212111e-13,300000000000000.0,50,5.2E+13
7.207999978,9.99055E+11,5.2302232e+34,0.00120409,8.224822709862127e-13,0.9994683667513636,0.001063061,2.7278060755976575e-13,0.001136072,5.70120393666662e-13,300000000000000.0,50,5.2E+13
8.277999978,9.98992E+11,5.1509569e+34,0.001231526,8.014674941485837e-13,0.9934360345637159,0.00107223,2.704139153564819e-13,0.001155167,5.606259537666242e-13,300000000000000.0,50,5.2E+13
9.320999978,9.98931E+11,5.0690443e+34,0.001257613,7.823524295919467e-13,0.9877761141808928,0.001081092,2.68164227555809e-13,0.001173481,5.518085842193678e-13,300000000000000.0,50,5.2E+13
19.40799998,9.98345E+11,4.2156127e+34,0.001483308,6.456701586561472e-13,0.941621432,0.001163293,2.4892357998874834e-13,0.001337683,4.83508044315458e-13,300000000000000.0,50,5.2E+13
29.45199998,9.97783E+11,3.4937933e+34,0.001673845,5.597104333106836e-13,0.9060634051512938,0.001239685,2.333214761022738e-13,0.001483147,4.355960666106943e-13,300000000000000.0,50,5.2E+13
39.67899998,9.97235E+11,2.9218907e+34,0.001844474,4.983048376839875e-13,0.8764514001014563,0.001312855,2.2007574386952255e-13,0.001617783,3.98905522770938e-13,300000000000000.0,50,5.2E+13
49.86899998,9.96715E+11,2.4982954e+34,0.001997451,4.5253122927143047e-13,0.8514730090343993,0.001381858,2.088678980751166e-13,0.001741514,3.701766784312496e-13,300000000000000.0,50,5.2E+13
60.23499998,9.9621E+11,2.2407533e+34,0.002139708,4.161190887352591e-13,0.8294405696984505,0.001448628,1.9903975182587926e-13,0.001858849,3.464611476481847e-13,300000000000000.0,50,5.2E+13
70.62199998,9.95723E+11,2.0701885e+34,0.002271514,3.866637640726124e-13,0.8099635208073268,0.00151253,1.904447479380217e-13,0.001969334,3.2670512469992705e-13,300000000000000.0,50,5.2E+13
81.17099998,9.95244E+11,1.9458834e+34,0.002396385,3.619164761672612e-13,0.7922778808716436,0.001574728,1.827464525256878e-13,0.002075446,3.097026941944262e-13,300000000000000.0,50,5.2E+13
91.45899998,9.9479E+11,1.8527873e+34,0.002510855,3.4153034811341076e-13,0.77667714,0.001633059,1.76058689530325e-13,0.002173865,2.9541265920263985e-13,300000000000000.0,50,5.2E+13
192.841,9.90739E+11,1.3843868e+34,0.003402405,2.325682145899264e-13,0.6717826388085539,0.002122097,1.343850965489935e-13,0.002971473,2.1436099499976987e-13,300000000000000.0,50,5.2E+13
292.859,9.87591E+11,3.8521007e+33,0.004056953,1.8547808945457005e-13,0.6095027259293907,0.0025105,1.1287502657630594e-13,0.003584698,1.7656592975845865e-13,300000000000000.0,50,5.2E+13
394.711,9.85411E+11,1.9681577e+33,0.004606889,1.5753389683052512e-13,0.5644993577403203,0.002850507,9.897240194229112e-14,0.004113703,1.5318092999320305e-13,300000000000000.0,50,5.2E+13
496.205,9.83633E+11,1.4886706e+33,0.00508167,1.3891691024269162e-13,0.5300775008945553,0.003151932,8.918490103790514e-14,0.004578718,1.3712785930425154e-13,300000000000000.0,50,5.2E+13
599.46,9.82018E+11,1.2554777e+33,0.005512492,1.2517865316495699e-13,0.5018812894883318,0.003430636,8.166988917018358e-14,0.005006311,1.2500281925473344e-13,300000000000000.0,50,5.2E+13
702.905,9.80523E+11,1.1139849e+33,0.005904759,1.1466196178012197e-13,0.47841258529910324,0.003688029,7.573832238803378e-14,0.005399667,1.1554303055535828e-13,300000000000000.0,50,5.2E+13
807.966,9.79095E+11,1.0153353e+33,0.006271712,1.061913068271828e-13,0.45815431638336374,0.003931512,7.084191358252895e-14,0.005770684,1.0780122264949744e-13,300000000000000.0,50,5.2E+13
910.43,9.77773E+11,9.452195e+32,0.006605095,9.943060894729533e-14,0.44102488665921447,0.004154691,6.685498137863533e-14,0.006110009,1.0153867649954724e-13,300000000000000.0,50,5.2E+13
1920.154,9.66945E+11,6.5872276e+32,0.009149749,6.60108399962189e-14,0.34073440887893136,0.005901374,4.603232409781388e-14,0.0087503,6.934161399101428e-14,300000000000000.0,50,5.2E+13
2945.446,9.58169E+11,5.5707271e+32,0.011045865692604937,5.2243030202573615e-14,0.28988927108506385,0.007232339,3.6881553488845246e-14,0.010752384326772061,5.5409469599169886e-14,300000000000000.0,50,5.2E+13
3969.996,9.5063E+11,5.0050593e+32,0.012603985058399103,4.437001305357131e-14,0.25771993773603286,0.008335499,3.1499356376829666e-14,0.012408631225683534,4.7261794803506926e-14,300000000000000.0,50,5.2E+13
4990.917,9.43948E+11,4.6282412e+32,0.013949272114433598,3.912980586120349e-14,0.23495648561245605,0.00929197,2.7861215490883977e-14,0.013843178,4.17708020361837e-14,300000000000000.0,50,5.2E+13
6029.562,9.37787E+11,4.3462711e+32,0.015169949481030329,3.5254024845705606e-14,0.21739739931947022,0.010161849230400916,2.514443589652159e-14,0.015147015,3.767804239188195e-14,300000000000000.0,50,5.2E+13
7070.126,9.32118E+11,4.1241867e+32,0.016281033,3.2275419620368345e-14,0.20347614344052528,0.010954700488889935,2.304314795488371e-14,0.016334868,3.4516550456842954e-14,300000000000000.0,50,5.2E+13
8126.921,9.26787E+11,3.9397453e+32,0.017319769,2.986600909352286e-14,0.1919357502129202,0.011696524812469612,2.1335836391356236e-14,0.017445911,3.195020050192789e-14,300000000000000.0,50,5.2E+13
9157.61,9.21936E+11,3.7875548e+32,0.018262503,2.7935005096718448e-14,0.18250696061255806,0.012370109235078915,1.996320405073957e-14,0.018454501833259626,2.988836550328035e-14,300000000000000.0,50,5.2E+13
10215.537,9.17264E+11,3.6525379e+32,0.019170118,2.6269509008627372e-14,0.17424231681115912,0.013018777709940851,1.8776577159424994e-14,0.019425596719397843,2.8106901253700866e-14,300000000000000.0,50,5.2E+13
11215.537,9.13098E+11,3.5391609e+32,0.019980398,2.49211425179001e-14,0.16745773866755115,0.013597962152806375,1.7814261486407373e-14,0.020292536,2.6662818149540816e-14,300000000000000.0,50,5.2E+13
12215.537,9.09147E+11,3.4370752e+32,0.020750989931671834,2.374297519128087e-14,0.16146441606174883,0.014148806723834171,1.6972367101622314e-14,0.021116953,2.5399879944651872e-14,300000000000000.0,50,5.2E+13
13215.537,9.05389E+11,3.3441317e+32,0.021486370891688908,2.2704522531523617e-14,0.1561248543632918,0.014674480294913344,1.6229589017570326e-14,0.021903615477895464,2.4285952728505015e-14,300000000000000.0,50,5.2E+13
14215.537,9.01805E+11,3.2587201e+32,0.022190660384257658,2.1779732280151042e-14,0.15132542096979648,0.015177908163590048,1.5567615003704952e-14,0.022656919840093444,2.329345192044482e-14,300000000000000.0,50,5.2E+13
15215.537,8.98378E+11,3.1796073e+32,0.022867287,2.094875048403086e-14,0.14697794232273723,0.01566153,1.497244504577463e-14,0.023380532,2.2401301507590158e-14,300000000000000.0,50,5.2E+13
16215.537,8.95096E+11,3.1058295e+32,0.023518877,2.0197390471325002e-14,0.1430166289116408,0.016127217,1.4434057947010525e-14,0.024077260861906334,2.1594418339808505e-14,300000000000000.0,50,5.2E+13
17215.537,8.91945E+11,3.0366197e+32,0.024147813472127563,1.951359627586657e-14,0.13938630346855405,0.016576669367534245,1.3943913188218385e-14,0.024749660859492723,2.0859956622218217e-14,300000000000000.0,50,5.2E+13
18215.537,8.88916E+11,2.9713618e+32,0.02475603,1.888815762000807e-14,0.13604364883050482,0.017011268,1.349547605522958e-14,0.025399804375950515,2.0188089841246662e-14,300000000000000.0,50,5.2E+13
19215.537,8.85998E+11,2.9095541e+32,0.025345314003327988,1.831305231111028e-14,0.13295140570020153,0.017432291,1.3083043159359058e-14,0.02602961,1.9570246143738852e-14,300000000000000.0,50,5.2E+13
20215.537,8.83183E+11,2.8507841e+32,0.025916947,1.7782735607939204e-14,0.13008210033593637,0.017840655,1.2702670566083213e-14,0.026640451183781045,1.9000496951234023e-14,300000000000000.0,50,5.2E+13
21215.537,8.80465E+11,2.7947025e+32,0.026472486745971628,1.7290955122105233e-14,0.1274073068255024,0.018237476,1.2349899704033495e-14,0.027234003856331936,1.8472147002939735e-14,300000000000000.0,50,5.2E+13
22215.537,8.77837E+11,2.7410256e+32,0.027013093571218533,1.6833305821460037e-14,0.12490571613433343,0.018623584777205406,1.2021587662746124e-14,0.027811513,1.7980476178341097e-14,300000000000000.0,50,5.2E+13
23215.537,8.75292E+11,2.689539e+32,0.027539546999836215,1.6406825864857007e-14,0.12256182808188743,0.018999539688728917,1.1715620831638321e-14,0.028373816189333326,1.7522309003299463e-14,300000000000000.0,50,5.2E+13
24215.537,8.72826E+11,2.6399847e+32,0.028052912791378937,1.600777269453898e-14,0.12035822464525474,0.019366105,1.1429323801963242e-14,0.028922059866022337,1.7093630297057494e-14,300000000000000.0,50,5.2E+13
25215.537,8.70433E+11,2.5921807e+32,0.028554285,1.5632626982192518e-14,0.11827866791457224,0.019724066,1.1160178520786697e-14,0.029457420120736467,1.6690662427516532e-14,300000000000000.0,50,5.2E+13
26215.537,8.68109E+11,2.54597e+32,0.029043819284046743,1.5280635505311427e-14,0.11631725708945098,0.020073533631396703,1.0907647178166017e-14,0.029980064175078616,1.631259508036716e-14,300000000000000.0,50,5.2E+13
27215.537,8.6585E+11,2.501217e+32,0.029522673741937053,1.494837131381601e-14,0.1144588625022119,0.020415339,1.0669275310347435e-14,0.030491238,1.5955748100812777e-14,300000000000000.0,50,5.2E+13
28215.537,8.63652E+11,2.4578036e+32,0.029991430585679314,1.4634127152444156e-14,0.11269480349984237,0.020749900911033105,1.0443839740167774e-14,0.030991567,1.5618286385728537e-14,300000000000000.0,50,5.2E+13
29215.537,8.61512E+11,2.4156264e+32,0.030450414948682093,1.433687262253448e-14,0.11101921461642258,0.021077451882577102,1.023060194666147e-14,0.031481402,1.5299101221747178e-14,300000000000000.0,50,5.2E+13
30215.537,8.59427E+11,2.3745937e+32,0.030900127,1.4055183661739192e-14,0.10942501110262404,0.021398351444248398,1.0028540940481668e-14,0.031961281023493875,1.4996661343850024e-14,300000000000000.0,50,5.2E+13
31215.537,8.57394E+11,2.3346243e+32,0.031341194,1.3787434601801435e-14,0.10790447589412211,0.021713050057987304,9.836490888221781e-15,0.032431879,1.4709219053117214e-14,300000000000000.0,50,5.2E+13
32215.537,8.55409E+11,2.2956464e+32,0.031774036,1.3532543787924825e-14,0.10645209484119976,0.022021848314818102,9.653675725430319e-15,0.032893645,1.443561066984076e-14,300000000000000.0,50,5.2E+13
33215.537,8.53471E+11,2.2575957e+32,0.032199061,1.3289494890281365e-14,0.10506272593771217,0.022325041,9.47936609945593e-15,0.033347023,1.4174742744003112e-14,300000000000000.0,50,5.2E+13
34215.537,8.51578E+11,2.2204147e+32,0.032616349,1.305795439460388e-14,0.10373406060815492,0.022622684,9.313322183504836e-15,0.033792095022565784,1.3926254952002646e-14,300000000000000.0,50,5.2E+13
35215.537,8.49727E+11,2.184052e+32,0.033026466997848884,1.28366506198661e-14,0.10246015206459495,0.022915186384258816,9.15463142352876e-15,0.034229473,1.3688779978423599e-14,300000000000000.0,50,5.2E+13
36215.537,8.47916E+11,2.1484615e+32,0.033429833,1.2624677971237337e-14,0.10123654378518142,0.023202847064555554,9.00264370723378e-15,0.034659606501551685,1.3461343645051543e-14,300000000000000.0,50,5.2E+13
37215.537,8.46144E+11,2.1136019e+32,0.033826831574517525,1.242124739628394e-14,0.10005929246492291,0.023485941551367868,8.856792483669968e-15,0.035082907,1.3243097042952424e-14,300000000000000.0,50,5.2E+13
38215.537,8.44408E+11,2.079436e+32,0.034217156,1.22267558891412e-14,0.098929432,0.023764251,8.717361732253575e-15,0.035499048,1.303446455257687e-14,300000000000000.0,50,5.2E+13
39215.537,8.42708E+11,2.0459302e+32,0.034601603,1.2039730340163418e-14,0.097840311,0.024038347713069272,8.583294390153981e-15,0.035908884,1.2833863191541074e-14,300000000000000.0,50,5.2E+13
40215.537,8.41042E+11,2.0130539e+32,0.034980359196262294,1.185978853284234e-14,0.096789812,0.024308364829260003,8.45431571108283e-15,0.036312617098861404,1.2640881188490377e-14,300000000000000.0,50,5.2E+13
41215.537,8.39408E+11,1.9807818e+32,0.035353273,1.1687057161472338e-14,0.095778048,0.024574194227119633,8.33051591393852e-15,0.036710084,1.2455653076371085e-14,300000000000000.0,50,5.2E+13
42215.537,8.37804E+11,1.9490845e+32,0.035721108,1.1520281951702437e-14,0.094799268,0.024836383705382985,8.210994940792349e-15,0.037102105,1.227683125283529e-14,300000000000000.0,50,5.2E+13
43215.537,8.36231E+11,1.9179413e+32,0.036083478,1.135994864612475e-14,0.093855216,0.025094656277398153,8.096100553608024e-15,0.037488266,1.2104935832323307e-14,300000000000000.0,50,5.2E+13
44215.537,8.34687E+11,1.8873314e+32,0.036441021,1.1205051362110686e-14,0.092941217,0.025349471,7.985110887781875e-15,0.037869252488772036,1.1938886066903738e-14,300000000000000.0,50,5.2E+13
45215.537,8.3317E+11,1.8572355e+32,0.036793806,1.1055426435363347e-14,0.092056258,0.025600875,7.8779080647874e-15,0.038245138191611024,1.1778505230930926e-14,300000000000000.0,50,5.2E+13
46215.537,8.31679E+11,1.8276361e+32,0.037141669,1.0911220948976092e-14,0.09120075,0.025848753675876506,7.774597087505147e-15,0.038615748,1.1623950195851806e-14,300000000000000.0,50,5.2E+13
47215.537,8.30214E+11,1.7985171e+32,0.037485327,1.0771414575952106e-14,0.090369923,0.026093619,7.674445830669512e-15,0.038981851534488084,1.1474125030957817e-14,300000000000000.0,50,5.2E+13
48215.537,8.28774E+11,1.7698639e+32,0.037824579379021034,1.0636213676348528e-14,0.089564483,0.026335328849942472,7.577601848728475e-15,0.039343233014506686,1.1329250342851683e-14,300000000000000.0,50,5.2E+13
49215.537,8.27358E+11,1.7416626e+32,0.038159375527870465,1.0505612337073197e-14,0.088784234,0.026573846665283028,7.484060504398677e-15,0.03969984,1.118931898387601e-14,300000000000000.0,50,5.2E+13
50215.537,8.25965E+11,1.7139008e+32,0.038490274,1.0378865079802886e-14,0.088025622,0.026809572533805302,7.393286869156187e-15,0.040052270283170856,1.105353026071968e-14,300000000000000.0,50,5.2E+13
51215.537,8.24593E+11,1.6865671e+32,0.038817354,1.0255834328231198e-14,0.087287848,0.027042565,7.305181947011818e-15,0.040400611267571114,1.0921735876735002e-14,300000000000000.0,50,5.2E+13
52215.537,8.23244E+11,1.6596506e+32,0.039140563071005254,1.0136538329844146e-14,0.086570851,0.027272784,7.219758491415831e-15,0.040744804,1.0793954769299637e-14,300000000000000.0,50,5.2E+13
53215.537,8.21915E+11,1.6331414e+32,0.039459783,1.0021052975594978e-14,0.085874877,0.027500146534855344,7.137070602894164e-15,0.041084724,1.067026775027264e-14,300000000000000.0,50,5.2E+13
54215.537,8.20606E+11,1.6070302e+32,0.039775479,9.908808060071912e-15,0.085197155,0.027724986368749538,7.056709149159237e-15,0.041420871,1.0550062480683904e-14,300000000000000.0,50,5.2E+13
55215.537,8.19316E+11,1.5813083e+32,0.040087729,9.79968150557673e-15,0.084537,0.027947359172086916,6.9785863323059386e-15,0.041753327,1.0433207476911642e-14,300000000000000.0,50,5.2E+13
56215.537,8.18045E+11,1.5559676e+32,0.04039661,9.693554369088165e-15,0.08389375,0.02816732,6.902616619303583e-15,0.042082175548590596,1.0319574654656818e-14,300000000000000.0,50,5.2E+13
57215.537,8.16793E+11,1.5310006e+32,0.040702199,9.590310929684731e-15,0.083266767,0.028384924914042157,6.828716803855969e-15,0.042407499,1.0209039420733231e-14,300000000000000.0,50,5.2E+13
58215.537,8.15558E+11,1.5064001e+32,0.041004572213475955,9.489838674067714e-15,0.082655432,0.028600227,6.756805995611677e-15,0.042729379787793356,1.0101480656271139e-14,300000000000000.0,50,5.2E+13
59215.537,8.14341E+11,1.4821592e+32,0.041303804,9.392028401897527e-15,0.08205915,0.028813281,6.686805694614994e-15,0.043047897,9.996780827384182e-15,300000000000000.0,50,5.2E+13
60215.537,8.1314E+11,1.4582614e+32,0.041599969,9.296774895229023e-15,0.081477344,0.029024140604232106,6.618640267266933e-15,0.043363132162611034,9.894826696114817e-15,300000000000000.0,50,5.2E+13
61215.537,8.11955E+11,1.4347401e+32,0.04189314,9.203978603150967e-15,0.080909457,0.029232857922213574,6.5522381447779535e-15,0.043675163,9.795511111499246e-15,300000000000000.0,50,5.2E+13
62215.537,8.10786E+11,1.4115542e+32,0.042183392,9.11353974907652e-15,0.080354954,0.029439485726415728,6.487527627202392e-15,0.043984069,9.69872673605785e-15,300000000000000.0,50,5.2E+13
63215.537,8.09632E+11,1.3887042e+32,0.042470796023784806,9.025361823829187e-15,0.079813315,0.029644075879121323,6.424439369859837e-15,0.044289927,9.604369762492381e-15,300000000000000.0,50,5.2E+13
64215.537,8.08494E+11,1.3661849e+32,0.042755424,8.939352388043214e-15,0.079284041,0.029846679678546553,6.3629069536868926e-15,0.044592815,9.512340765833047e-15,300000000000000.0,50,5.2E+13
65215.537,8.07369E+11,1.343992e+32,0.043037346,8.855422517336793e-15,0.078766648,0.030047347875715832,6.302866489340079e-15,0.044892807330690974,9.422544111077076e-15,300000000000000.0,50,5.2E+13
66215.537,8.06259E+11,1.3221202e+32,0.043316632,8.773486199248427e-15,0.078260673,0.030246130681720627,6.244256187081754e-15,0.045189980025697685,9.3348873097152e-15,300000000000000.0,50,5.2E+13
67215.537,8.05162E+11,1.300565e+32,0.043593352103789534,8.693460865270353e-15,0.077765666,0.030443078,6.187016734608258e-15,0.045484407236587344,9.249281584129408e-15,300000000000000.0,50,5.2E+13
68215.537,8.04079E+11,1.2793221e+32,0.043867574,8.615267005252336e-15,0.077281195,0.030638238259327842,6.1310910217161304e-15,0.045776162476316745,9.165641455556805e-15,300000000000000.0,50,5.2E+13
69215.537,8.03009E+11,1.2583874e+32,0.044139366758372434,8.538828137814677e-15,0.076806842,0.030831660775490058,6.076424118374692e-15,0.046065318,9.083884710909805e-15,300000000000000.0,50,5.2E+13
70215.537,8.01951E+11,1.2377569e+32,0.044408796184617856,8.464070735073649e-15,0.076342206,0.031023393402301147,6.022963220287666e-15,0.046351947,9.003932321014822e-15,300000000000000.0,50,5.2E+13
71215.537,8.00905E+11,1.2174267e+32,0.044675929,8.390924146233657e-15,0.075886898,0.031213484,5.9706575936532175e-15,0.04663612,8.925708357672244e-15,300000000000000.0,50,5.2E+13
72215.537,7.99871E+11,1.1973943e+32,0.044940831,8.319320503190676e-15,0.075440547,0.031401978798703295,5.9194585071367296e-15,0.046917907,8.8491398916198e-15,300000000000000.0,50,5.2E+13
73215.537,7.98849E+11,1.1776559e+32,0.045203567,8.249194735230188e-15,0.075002791,0.031588925,5.869319241470626e-15,0.047197377,8.77415700655961e-15,300000000000000.0,50,5.2E+13
74215.537,7.97838E+11,1.1582073e+32,0.045463723,8.180835526740864e-15,0.074575134,0.031774026,5.820446544449849e-15,0.047474088520871545,8.70106895766118e-15,300000000000000.0,50,5.2E+13
75215.537,7.96838E+11,1.1390445e+32,0.045721790318953924,8.113854710470792e-15,0.074155532,0.031957634785109275,5.772562196289911e-15,0.047748568,8.629459516816178e-15,300000000000000.0,50,5.2E+13
76215.537,7.95849E+11,1.120164e+32,0.045977844,8.0481857129484e-15,0.073743616,0.032139803600745864,5.72561842001789e-15,0.048020893515991106,8.559257192817508e-15,300000000000000.0,50,5.2E+13
77215.537,7.9487E+11,1.1015623e+32,0.046231946881907016,7.983771750397651e-15,0.07333907,0.032320577715953376,5.679574462256219e-15,0.048291133809729075,8.490401004020585e-15,300000000000000.0,50,5.2E+13
78215.537,7.93902E+11,1.0832358e+32,0.046484160818555234,7.920561265205609e-15,0.072941589,0.032500002,5.634393305877978e-15,0.048559355,8.422835557974855e-15,300000000000000.0,50,5.2E+13
79215.537,7.92943E+11,1.0651814e+32,0.046734185,7.858742223900004e-15,0.072552204,0.032677860146894305,5.590209566198187e-15,0.048825235136447626,8.356762208088828e-15,300000000000000.0,50,5.2E+13
80215.537,7.91994E+11,1.0473957e+32,0.046982095,7.7982410853376e-15,0.072170519,0.032854208121789505,5.5469704776532944e-15,0.049088856,8.292102001389923e-15,300000000000000.0,50,5.2E+13
81215.537,7.91055E+11,1.0298753e+32,0.047228262,7.738801657357586e-15,0.071795117,0.03302931,5.504492426129971e-15,0.049350614,8.228580257774538e-15,300000000000000.0,50,5.2E+13
82215.537,7.90124E+11,1.0126171e+32,0.047472746,7.680377035074933e-15,0.071425731,0.033203209,5.462741763988064e-15,0.049610573572195504,8.166146634313691e-15,300000000000000.0,50,5.2E+13
83215.537,7.89203E+11,9.9561786e+31,0.047715408,7.623043448202766e-15,0.071062795,0.033375806,5.421773071131976e-15,0.049868586,8.104882764828281e-15,300000000000000.0,50,5.2E+13
84215.537,7.8829E+11,9.7887456e+31,0.047955857806446865,7.567031973032587e-15,0.070707582,0.033546823,5.381751795009155e-15,0.050124235,8.04503611065466e-15,300000000000000.0,50,5.2E+13
85215.537,7.87386E+11,9.6238407e+31,0.048194765,7.511910575141189e-15,0.070357689,0.033716737,5.3423684031069275e-15,0.050378235,7.986143652537623e-15,300000000000000.0,50,5.2E+13
86215.537,7.86491E+11,9.4614336e+31,0.048432188,7.457640925008627e-15,0.070012882,0.033885591,5.303595399974139e-15,0.050630649,7.928164254560858e-15,300000000000000.0,50,5.2E+13
87215.537,7.85603E+11,9.3014945e+31,0.048667684,7.404476018961352e-15,0.06967461,0.034053068,5.265613983036536e-15,0.050881005,7.871368944153774e-15,300000000000000.0,50,5.2E+13
88215.537,7.84723E+11,9.143993e+31,0.048901334,7.352349478702281e-15,0.069342513,0.034219226,5.228376553535654e-15,0.051129389,7.815686508987452e-15,300000000000000.0,50,5.2E+13
89215.537,7.83852E+11,8.9889e+31,0.049133636,7.300968338764575e-15,0.069014885,0.034384421,5.1916732046395225e-15,0.051376332,7.760802962143373e-15,300000000000000.0,50,5.2E+13
90215.537,7.82987E+11,8.8361849e+31,0.049364462,7.250394872217586e-15,0.068692123,0.034548561640773204,5.155548556719737e-15,0.051621699,7.706785045712433e-15,300000000000000.0,50,5.2E+13
91215.537,7.8213E+11,8.685818e+31,0.049593167,7.200986136224314e-15,0.068376251,0.034711187551118336,5.120258253563137e-15,0.051864800801846946,7.654015124152891e-15,300000000000000.0,50,5.2E+13
92215.537,7.81281E+11,8.5377711e+31,0.049820656875709586,7.152220963485452e-15,0.06806428,0.034872945,5.085429010089064e-15,0.052106605,7.60193484811711e-15,300000000000000.0,50,5.2E+13
93215.537,7.80438E+11,8.3920151e+31,0.050046894,7.104114755709451e-15,0.067756322,0.035033808741209545,5.0510718696383916e-15,0.052347071,7.550560736514177e-15,300000000000000.0,50,5.2E+13
94215.537,7.79602E+11,8.2485203e+31,0.05027096,7.057163279328391e-15,0.067455219,0.035193121,5.017541783164336e-15,0.052585218,7.500423683509016e-15,300000000000000.0,50,5.2E+13
95215.537,7.78773E+11,8.1072579e+31,0.050493941,7.010766158036032e-15,0.067157497,0.035351659,4.98440878907624e-15,0.052822206546387404,7.450880580301476e-15,300000000000000.0,50,5.2E+13
96215.537,7.7795E+11,7.9681995e+31,0.050715671,6.965005915553038e-15,0.06686367,0.035509303,4.9517320054823326e-15,0.053057859,7.402019852902902e-15,300000000000000.0,50,5.2E+13
97215.537,7.77134E+11,7.8313169e+31,0.050935397,6.920270123425635e-15,0.066575988,0.035665516065360656,4.919788887934744e-15,0.053291372,7.354256477904696e-15,300000000000000.0,50,5.2E+13
98215.537,7.76324E+11,7.6965822e+31,0.051154165,6.8760119206203254e-15,0.066291212,0.035821045,4.888187809313907e-15,0.053523862193840636,7.307004693343089e-15,300000000000000.0,50,5.2E+13
99215.537,7.7552E+11,7.5639673e+31,0.051371466,6.83248004866978e-15,0.066010873,0.035975527,4.8571069177838455e-15,0.053754786,7.260530956441205e-15,300000000000000.0,50,5.2E+13
100215.537,7.74722E+11,7.4334449e+31,0.051587145,6.789740582440689e-15,0.065735369,0.03612885,4.8265934779464945e-15,0.053983978,7.2149059497323e-15,300000000000000.0,50,5.2E+13
101215.537,7.73929E+11,7.3049881e+31,0.05180199,6.7474065446898755e-15,0.065462335,0.036281579,4.796370358884547e-15,0.054212280077901805,7.169715169956053e-15,300000000000000.0,50,5.2E+13
102215.537,7.73143E+11,7.1785689e+31,0.052014939,6.705989651299627e-15,0.065194871,0.036432953,4.766803936490529e-15,0.054438558,7.125506588066073e-15,300000000000000.0,50,5.2E+13
103215.537,7.72362E+11,7.0541603e+31,0.052226856,6.665056389339302e-15,0.064930394,0.036583591341188194,4.737583814617565e-15,0.054663734477304736,7.081815953870898e-15,300000000000000.0,50,5.2E+13
104215.537,7.71586E+11,6.9317361e+31,0.052437658,6.62464636622579e-15,0.064669147,0.036733433,4.7087383538482335e-15,0.05488772,7.0386856851478e-15,300000000000000.0,50,5.2E+13
105215.537,7.70815E+11,6.8112694e+31,0.052646735478208334,6.5850365965055766e-15,0.064412817,0.036882044,4.680465834822139e-15,0.055109866,6.99641232938e-15,300000000000000.0,50,5.2E+13
106215.537,7.7005E+11,6.6927331e+31,0.052855172,6.545722788711573e-15,0.064158305,0.037030197,4.6524052027381404e-15,0.055331327816229445,6.954455878206802e-15,300000000000000.0,50,5.2E+13
107215.537,7.6929E+11,6.5761009e+31,0.053061733,6.507267408991264e-15,0.063909067,0.037177012,4.624959105749179e-15,0.055550787607929156,6.91341853747616e-15,300000000000000.0,50,5.2E+13
108215.537,7.68534E+11,6.4613478e+31,0.053267487,6.4691715972335846e-15,0.063662065,0.037323251,4.59777041625372e-15,0.055769386,6.872766178229818e-15,300000000000000.0,50,5.2E+13
109215.537,7.67783E+11,6.3484469e+31,0.053471955,6.431648671246142e-15,0.063418626,0.037468571642942636,4.570991844192255e-15,0.055986613,6.832727195137871e-15,300000000000000.0,50,5.2E+13
110215.537,7.67037E+11,6.2373723e+31,0.053675112220380274,6.394700333621453e-15,0.063178767,0.037612957,4.54462457585825e-15,0.056202439942683056,6.793303355820912e-15,300000000000000.0,50,5.2E+13
111215.537,7.66296E+11,6.1280985e+31,0.053877505037800165,6.3580868001675995e-15,0.062940994,0.037756797,4.518496968144545e-15,0.056417452,6.7542379517158035e-15,300000000000000.0,50,5.2E+13
112215.537,7.65558E+11,6.0206e+31,0.05407815,6.322227457683834e-15,0.062707924,0.037899388994621246,4.492909181281167e-15,0.056630599,6.7159798919835394e-15,300000000000000.0,50,5.2E+13
113215.537,7.64826E+11,5.9148521e+31,0.054278406,6.286534885804733e-15,0.062475893761748516,0.038041705,4.467440760100906e-15,0.056843332,6.677900352567815e-15,300000000000000.0,50,5.2E+13
114215.537,7.64097E+11,5.8108292e+31,0.054476701,6.251676993959113e-15,0.062249066,0.03818262,4.442569713086644e-15,0.057053970749707576,6.6407142226064554e-15,300000000000000.0,50,5.2E+13
115215.537,7.63372E+11,5.7085064e+31,0.054674595,6.216984923578324e-15,0.062023283120267336,0.03832325,4.417817340544656e-15,0.057264183537040624,6.603705576448618e-15,300000000000000.0,50,5.2E+13
116215.537,7.62652E+11,5.6078593e+31,0.054870866,6.182966638542412e-15,0.061801741,0.038462721,4.393547180123458e-15,0.057472664006345445,6.56741810342652e-15,300000000000000.0,50,5.2E+13
117215.537,7.61935E+11,5.5088634e+31,0.055066481,6.149215648634848e-15,0.061581887841697915,0.038601725,4.369468302857641e-15,0.057680444855098684,6.531416701514432e-15,300000000000000.0,50,5.2E+13
118215.537,7.61222E+11,5.4114953e+31,0.055260745,6.116015249855901e-15,0.061365511,0.038739764555183284,4.345783442531292e-15,0.057886784581929945,6.496004566665678e-15,300000000000000.0,50,5.2E+13
119215.537,7.60513E+11,5.3157305e+31,0.055454161,6.083154103615724e-15,0.061151283045478136,0.0388772,4.322341342195879e-15,0.058092220513660225,6.460955485000457e-15,300000000000000.0,50,5.2E+13
120215.537,7.59808E+11,5.2215454e+31,0.055646434,6.050750633777141e-15,0.060939953,0.039013819389621486,4.299226742782071e-15,0.058296437,6.426396188541353e-15,300000000000000.0,50,5.2E+13
121215.537,7.59106E+11,5.1289278e+31,0.055837733,6.018731629138411e-15,0.060731059,0.039149744,4.276387230567112e-15,0.058499614,6.392248286903509e-15,300000000000000.0,50,5.2E+13
122215.537,7.58408E+11,5.0378807e+31,0.056028032,5.987106953321519e-15,0.060524661,0.039284955,4.25382986303278e-15,0.058701725313633914,6.35852233460006e-15,300000000000000.0,50,5.2E+13
123215.537,7.57713E+11,4.9483443e+31,0.056217293,5.955883687802318e-15,0.060320818405122906,0.039419425891364414,4.23155969063162e-15,0.058902729,6.3252258811251125e-15,300000000000000.0,50,5.2E+13
124215.537,7.57022E+11,4.8602952e+31,0.056405633909097856,5.9250160874332605e-15,0.060119239959744365,0.03955324,4.209543984298592e-15,0.059102752,6.292309980332054e-15,300000000000000.0,50,5.2E+13
125215.537,7.56333E+11,4.7737103e+31,0.056592936,5.8945420220529925e-15,0.05992018,0.039686314,4.187809822931673e-15,0.059301667,6.2598151252374875e-15,300000000000000.0,50,5.2E+13
126215.537,7.55648E+11,4.6885672e+31,0.056779334,5.864410246041172e-15,0.059723311031081305,0.039818743,4.166320544107309e-15,0.059499618123590614,6.227686487811817e-15,300000000000000.0,50,5.2E+13
127215.537,7.54966E+11,4.6048443e+31,0.056964756,5.8346413897899944e-15,0.059528775041631746,0.039950475847598345,4.145090891224405e-15,0.059696527887114145,6.195946113355988e-15,300000000000000.0,50,5.2E+13
128215.537,7.54287E+11,4.5225198e+31,0.057149227563494324,5.805225462243795e-15,0.059336508,0.040081531,4.12411371687046e-15,0.059892425,6.164583313124536e-15,300000000000000.0,50,5.2E+13
129215.537,7.53611E+11,4.4415722e+31,0.057332846185908275,5.7761201621133635e-15,0.059146247,0.040211978,4.10335874613428e-15,0.060087412078665005,6.133552809218161e-15,300000000000000.0,50,5.2E+13
130215.537,7.52938E+11,4.3619803e+31,0.057515405994547165,5.7474004688213544e-15,0.058958478,0.040341669,4.08287961465176e-15,0.060281271,6.1029348115131944e-15,300000000000000.0,50,5.2E+13
131215.537,7.52268E+11,4.2837235e+31,0.057697298468951434,5.7189190626716285e-15,0.058772254,0.040470885,4.062570928525185e-15,0.060474418,6.0725717057558886e-15,300000000000000.0,50,5.2E+13
132215.537,7.516E+11,4.2067811e+31,0.057877961,5.69087668542231e-15,0.058588879,0.040599224,4.0425762771236185e-15,0.060666254,6.042678222196543e-15,300000000000000.0,50,5.2E+13
133215.537,7.50935E+11,4.1311324e+31,0.058058203873107506,5.662981471001637e-15,0.058406464,0.040727263,4.02268688413136e-15,0.060857642,6.0129421457606945e-15,300000000000000.0,50,5.2E+13
134215.537,7.50272E+11,4.0567571e+31,0.058236984582930446,5.635597820016096e-15,0.058227385,0.04085426,4.003163387567818e-15,0.061047472,5.983753243700008e-15,300000000000000.0,50,5.2E+13
135215.537,7.49612E+11,3.9836355e+31,0.058415653,5.608252988410247e-15,0.058048559,0.040981177,3.9836676542998685e-15,0.061237181314238116,5.954605859465519e-15,300000000000000.0,50,5.2E+13
136215.537,7.48955E+11,3.9117479e+31,0.058592565,5.5815122298069356e-15,0.057873678,0.041106842,3.9646039489896315e-15,0.061425020037381074,5.9261045390818375e-15,300000000000000.0,50,5.2E+13
137215.537,7.48299E+11,3.8410749e+31,0.058769478,5.554771471203624e-15,0.057698797,0.041232507,3.9455402436793946e-15,0.061612858760524025,5.897603218698156e-15,300000000000000.0,50,5.2E+13
138215.537,7.47646E+11,3.7715972e+31,0.058944793,5.528568991743199e-15,0.057527452373639223,0.041357033243579026,3.926861492029094e-15,0.061798994003464114,5.869677562298786e-15,300000000000000.0,50,5.2E+13
139215.537,7.46996E+11,3.7032961e+31,0.059119851658130336,5.502452556808673e-15,0.057356674,0.041481377,3.908244275653938e-15,0.061984856943179435,5.841843926434228e-15,300000000000000.0,50,5.2E+13
140215.537,7.46347E+11,3.6361533e+31,0.059293755,5.476717003712562e-15,0.057188413974462435,0.041604897,3.8898994358828676e-15,0.062169488009915806,5.814417602820158e-15,300000000000000.0,50,5.2E+13
141215.537,7.45701E+11,3.5701501e+31,0.059466973982136025,5.45120685165246e-15,0.057021645028430545,0.041727929,3.871715785127794e-15,0.062353390069864026,5.787232321424381e-15,300000000000000.0,50,5.2E+13
142215.537,7.45056E+11,3.5052715e+31,0.059639539387322936,5.425907915419409e-15,0.056856279,0.041850495,3.853683169539701e-15,0.062536595,5.760272896448437e-15,300000000000000.0,50,5.2E+13
143215.537,7.44414E+11,3.4414964e+31,0.059810932,5.400987857260616e-15,0.056693429,0.041972225,3.83592148020751e-15,0.062718551,5.733718611781341e-15,300000000000000.0,50,5.2E+13
144215.537,7.43774E+11,3.3788068e+31,0.059982233,5.376097059270963e-15,0.056530773577030756,0.042093889860378444,3.818180712128685e-15,0.062900409,5.707195612245865e-15,300000000000000.0,50,5.2E+13
145215.537,7.43135E+11,3.317185e+31,0.060151812,5.3517538670783956e-15,0.056371754,0.042214328,3.800831486544743e-15,0.063080432,5.681258115800129e-15,300000000000000.0,50,5.2E+13
146215.537,7.42499E+11,3.2566142e+31,0.060321392,5.327410674885829e-15,0.056212735242871605,0.042334766,3.783482260960801e-15,0.063260456,5.655320619354392e-15,300000000000000.0,50,5.2E+13
147215.537,7.41864E+11,3.1970774e+31,0.060489701,5.303461649347377e-15,0.056056359,0.042454298,3.766414860152638e-15,0.063439126,5.6298045546659585e-15,300000000000000.0,50,5.2E+13
148215.537,7.41231E+11,3.1385577e+31,0.06065748,5.279676779400578e-15,0.055901084,0.042573452906526074,3.7494648287676035e-15,0.063617231,5.604464000459549e-15,300000000000000.0,50,5.2E+13
149215.537,7.406E+11,3.0810389e+31,0.060824682201446385,5.256067403113496e-15,0.055746992,0.042692196,3.732640265818521e-15,0.063794722,5.579311066409885e-15,300000000000000.0,50,5.2E+13
150215.537,7.3997E+11,3.0245047e+31,0.060990674,5.2328256719923655e-15,0.055595376047452454,0.042810078,3.7160785491969496e-15,0.063970923,5.554551181566525e-15,300000000000000.0,50,5.2E+13
151215.537,7.39342E+11,2.968939e+31,0.061156667,5.209583940871235e-15,0.055443761,0.042927959,3.699516832575378e-15,0.064147125,5.529791296723165e-15,300000000000000.0,50,5.2E+13
152215.537,7.38715E+11,2.9143259e+31,0.061321059,5.1868203691131516e-15,0.05529537,0.0430447,3.683296944487651e-15,0.064321622,5.5055425633350675e-15,300000000000000.0,50,5.2E+13
153215.537,7.3809E+11,2.8606499e+31,0.061485276,5.164109053716711e-15,0.055147332,0.043161317,3.667114413642854e-15,0.064495932,5.481349691898789e-15,300000000000000.0,50,5.2E+13
154215.537,7.37467E+11,2.8078958e+31,0.061648717,5.141623823056716e-15,0.055000834,0.04327738,3.651093503086763e-15,0.064669416,5.457398497338258e-15,300000000000000.0,50,5.2E+13
155215.537,7.36845E+11,2.7560485e+31,0.061811171,5.1194257947270246e-15,0.054856292,0.04339274,3.635277903708554e-15,0.064841849,5.433754312277735e-15,300000000000000.0,50,5.2E+13
156215.537,7.36224E+11,2.7050934e+31,0.061973625886846365,5.0972277663973336e-15,0.054711751,0.043508101060235435,3.619462304330346e-15,0.065014282,5.410110127217212e-15,300000000000000.0,50,5.2E+13
157215.537,7.35605E+11,2.6550156e+31,0.062134435716190047,5.07550161612156e-15,0.054570421,0.04362229,3.603984001020658e-15,0.065184963,5.38697030899123e-15,300000000000000.0,50,5.2E+13
158215.537,7.34987E+11,2.6058008e+31,0.062295139,5.053805894600986e-15,0.054429298,0.043736403,3.588527448032721e-15,0.065355531,5.363863014538736e-15,300000000000000.0,50,5.2E+13
159215.537,7.3437E+11,2.5574347e+31,0.062455152,5.032303587785681e-15,0.054289503507991464,0.043850023,3.573209142941201e-15,0.065525362,5.340962444457723e-15,300000000000000.0,50,5.2E+13
160215.537,7.33755E+11,2.5099033e+31,0.062614116,5.011094197300377e-15,0.054151721823215974,0.043962898,3.55810020696871e-15,0.065694078,5.318374947491454e-15,300000000000000.0,50,5.2E+13
161215.537,7.3314E+11,2.4631933e+31,0.062773081,4.989884806815072e-15,0.05401394,0.044075772,3.542991270996218e-15,0.065862794,5.295787450525186e-15,300000000000000.0,50,5.2E+13
162215.537,7.32527E+11,2.4172909e+31,0.062930638,4.96906191112605e-15,0.053878819557148766,0.044187643,3.528158570076072e-15,0.066030011,5.2736130092370985e-15,300000000000000.0,50,5.2E+13
163215.537,7.31915E+11,2.3721827e+31,0.063087875,4.948326955638287e-15,0.053744304463895144,0.044299287,3.5133887216608807e-15,0.066196887,5.25153255161922e-15,300000000000000.0,50,5.2E+13
164215.537,7.31304E+11,2.3278557e+31,0.063244787,4.927679485527776e-15,0.053610395,0.044410698490828446,3.4986813969903722e-15,0.066363416,5.2295455854700774e-15,300000000000000.0,50,5.2E+13
165215.537,7.30695E+11,2.2842971e+31,0.063400308,4.907406021087021e-15,0.053479073061729845,0.044521119234421716,3.484241365389179e-15,0.066528464,5.207958301421876e-15,300000000000000.0,50,5.2E+13
166215.537,7.30086E+11,2.241494e+31,0.063555828,4.887132556646266e-15,0.053347751,0.044631539978014986,3.4698013337879865e-15,0.066693512,5.186371017373674e-15,300000000000000.0,50,5.2E+13
167215.537,7.29478E+11,2.1994336e+31,0.063710459,4.867093027114918e-15,0.053218059,0.044741327,3.4555284815607726e-15,0.066857613,5.165033714406629e-15,300000000000000.0,50,5.2E+13
168215.537,7.28871E+11,2.1581042e+31,0.063864273,4.847267881252274e-15,0.053089859,0.044850533,3.4414088365979895e-15,0.067020844,5.143925500212269e-15,300000000000000.0,50,5.2E+13
169215.537,7.28265E+11,2.1174937e+31,0.064018088,4.82744273538963e-15,0.052961659,0.044959739,3.4272891916352064e-15,0.067184076,5.12281728601791e-15,300000000000000.0,50,5.2E+13
170215.537,7.2766E+11,2.0775903e+31,0.064170529,4.807971611169315e-15,0.052835934,0.045067966,3.4134225277253954e-15,0.067345845,5.102087348426693e-15,300000000000000.0,50,5.2E+13
171215.537,7.27056E+11,2.0383816e+31,0.064322649,4.788583178774524e-15,0.052710786,0.045175965,3.3996149547371333e-15,0.067507272,5.0814457680970866e-15,300000000000000.0,50,5.2E+13
172215.537,7.26452E+11,1.9998568e+31,0.064474675,4.769218311980714e-15,0.052585804,0.045283897,3.3858242204074986e-15,0.0676686,5.06082936604798e-15,300000000000000.0,50,5.2E+13
173215.537,7.2585E+11,1.9620042e+31,0.064625111,4.7502552567622364e-15,0.052463641,0.045390696,3.37232059812543e-15,0.067828234,5.040642272997204e-15,300000000000000.0,50,5.2E+13
174215.537,7.25248E+11,1.9248127e+31,0.064775546,4.731292201543759e-15,0.052341477,0.045497495,3.358816975843361e-15,0.067987867,5.020455179946427e-15,300000000000000.0,50,5.2E+13
175215.537,7.24647E+11,1.8882712e+31,0.064925554,4.712434731983182e-15,0.052220058727824877,0.045603989,3.3453887950602744e-15,0.068147046,5.000380891370934e-15,300000000000000.0,50,5.2E+13
176215.537,7.24047E+11,1.8523694e+31,0.065074314,4.6938851921347344e-15,0.052100813,0.045709595658028436,3.3321806316500563e-15,0.068304897,4.980635585446033e-15,300000000000000.0,50,5.2E+13
177215.537,7.23447E+11,1.8171239e+31,0.065223075,4.675335652286288e-15,0.051981567,0.045815202,3.3189724682398386e-15,0.068462748,4.9608902795211314e-15,300000000000000.0,50,5.2E+13
178215.537,7.22848E+11,1.7825484e+31,0.065371154,4.656951435380552e-15,0.05186349,0.045920323,3.3058824196985663e-15,0.068619873,4.941321584489981e-15,300000000000000.0,50,5.2E+13
179215.537,7.2225E+11,1.7485711e+31,0.06551825,4.6388053848854315e-15,0.051747096377730006,0.046024744,3.2929625289945283e-15,0.068775952,4.922007317440516e-15,300000000000000.0,50,5.2E+13
180215.537,7.21653E+11,1.7153103e+31,0.065665346,4.620659334390312e-15,0.051630703,0.046129165581690404,3.28004263829049e-15,0.068932031,4.90269305039105e-15,300000000000000.0,50,5.2E+13
181215.537,7.21056E+11,1.6826567e+31,0.065811585,4.602717102422407e-15,0.051515754,0.046232977,3.2672683545185233e-15,0.069087198,4.88359650014643e-15,300000000000000.0,50,5.2E+13
182215.537,7.2046E+11,1.6506152e+31,0.065957026,4.584964639669572e-15,0.05140215,0.04633622,3.2546296409206013e-15,0.069241515,4.864702659379341e-15,300000000000000.0,50,5.2E+13
183215.537,7.19864E+11,1.6193086e+31,0.066102467,4.567212176916737e-15,0.051288545130130564,0.046439463,3.241990927322679e-15,0.069395833,4.8458088186122524e-15,300000000000000.0,50,5.2E+13
184215.537,7.19269E+11,1.5883297e+31,0.066246956,4.549682383889767e-15,0.051176519,0.046542027,3.229511273948763e-15,0.069549137,4.8271528087245885e-15,300000000000000.0,50,5.2E+13
185215.537,7.18675E+11,1.5579109e+31,0.066390752,4.532314545389324e-15,0.051065642,0.046644099045948476,3.217147309958161e-15,0.069701703,4.808669780535809e-15,300000000000000.0,50,5.2E+13
186215.537,7.18081E+11,1.5281959e+31,0.066534548,4.5149467068888804e-15,0.050954764,0.046746171,3.2047833459675594e-15,0.06985427,4.790186752347028e-15,300000000000000.0,50,5.2E+13
187215.537,7.17488E+11,1.4988643e+31,0.066677375,4.497799924632789e-15,0.050845465777948705,0.046847553,3.1925772827239395e-15,0.070005805,4.7719398201811375e-15,300000000000000.0,50,5.2E+13
188215.537,7.16895E+11,1.4700239e+31,0.066819535,4.480805360371104e-15,0.050737254365331184,0.046948459628692624,3.1804799489807743e-15,0.070156631,4.753855462310295e-15,300000000000000.0,50,5.2E+13
189215.537,7.16303E+11,1.4416855e+31,0.066961695,4.4638107961094186e-15,0.050629042952713664,0.047049366674390504,3.168382615237609e-15,0.070307457,4.735771104439452e-15,300000000000000.0,50,5.2E+13
190215.537,7.15711E+11,1.4138425e+31,0.067102949,4.447017876098351e-15,0.050522283304702556,0.047149628832019355,3.1564293104371607e-15,0.070457318,4.717902100201506e-15,300000000000000.0,50,5.2E+13
191215.537,7.1512E+11,1.3864865e+31,0.067243482,4.4303853870863665e-15,0.050416678701010964,0.047249377907639195,3.14459059708728e-15,0.070606413,4.700204434339814e-15,300000000000000.0,50,5.2E+13
192215.537,7.14529E+11,1.3596102e+31,0.067384015,4.4137528980743825e-15,0.050311074097319365,0.047349127,3.1327518837373997e-15,0.070755507,4.682506768478122e-15,300000000000000.0,50,5.2E+13
193215.537,7.13938E+11,1.3332058e+31,0.067523785,4.3972870863177454e-15,0.050206673,0.047448332194851305,3.1210322149475606e-15,0.070903789,4.6649870982028524e-15,300000000000000.0,50,5.2E+13
194215.537,7.13348E+11,1.3072657e+31,0.0676627,4.38100754053261e-15,0.050103618,0.04754693,3.1094455814094843e-15,0.071051162,4.6476663424150976e-15,300000000000000.0,50,5.2E+13
195215.537,7.12758E+11,1.2817823e+31,0.067801615,4.364727994747474e-15,0.050000562,0.047645527,3.0978589478714076e-15,0.071198535,4.6303455866273435e-15,300000000000000.0,50,5.2E+13
196215.537,7.12169E+11,1.2567484e+31,0.067939987,4.348564547564791e-15,0.049898347,0.047743738,3.0863552285960623e-15,0.07134533,4.613148803577659e-15,300000000000000.0,50,5.2E+13
197215.537,7.11579E+11,1.2321569e+31,0.068077293,4.332629082713975e-15,0.049797784329494166,0.04784119,3.075014327705808e-15,0.071490991,4.596195465266467e-15,300000000000000.0,50,5.2E+13
198215.537,7.10991E+11,1.2080005e+31,0.068214599,4.3166936178631585e-15,0.049697221,0.047938641938044584,3.0636734268155536e-15,0.071636652,4.579242126955275e-15,300000000000000.0,50,5.2E+13
199215.537,7.10402E+11,1.1842722e+31,0.068351662,4.300809010144754e-15,0.049597028,0.048035921182305395,3.052368844011708e-15,0.071782054,4.562343090816077e-15,300000000000000.0,50,5.2E+13
200215.537,7.09814E+11,1.1609648e+31,0.068487367,4.2852090193983494e-15,0.049498902,0.048132234,3.041267511829598e-15,0.071926011,4.545747951476257e-15,300000000000000.0,50,5.2E+13
201215.537,7.09226E+11,1.1380717e+31,0.068623072,4.269609028651945e-15,0.049400776,0.048228546,3.0301661796474876e-15,0.072069969,4.5291528121364374e-15,300000000000000.0,50,5.2E+13
202215.537,7.08638E+11,1.1155866e+31,0.068758777,4.2540090379055404e-15,0.049302650040748804,0.048324859,3.019064847465377e-15,0.072213926,4.512557672796618e-15,300000000000000.0,50,5.2E+13
203215.537,7.08051E+11,1.0935029e+31,0.068893026,4.2387084298141815e-15,0.049206702,0.048420135540927195,3.0081772931267086e-15,0.072356335,4.496282168257586e-15,300000000000000.0,50,5.2E+13
204215.537,7.07464E+11,1.0718139e+31,0.069027138,4.223436004129497e-15,0.04911096,0.048515314649454626,2.99730986277993e-15,0.072498598,4.4800367525623535e-15,300000000000000.0,50,5.2E+13
205215.537,7.06877E+11,1.050513e+31,0.06916125,4.208163578444813e-15,0.049015217302921466,0.048610494,2.9864424324331508e-15,0.072640861,4.46379133686712e-15,300000000000000.0,50,5.2E+13
206215.537,7.0629E+11,1.0295939e+31,0.069294374,4.1930904378341425e-15,0.048920928200875125,0.04870497,2.9757172934061238e-15,0.072782073,4.4477586699475184e-15,300000000000000.0,50,5.2E+13
207215.537,7.05703E+11,1.0090503e+31,0.069426902,4.1781375470746554e-15,0.048827516,0.048799021,2.9650780138450382e-15,0.07292265,4.4318543769602645e-15,300000000000000.0,50,5.2E+13
208215.537,7.05117E+11,9.8887633e+30,0.069559429,4.163184656315168e-15,0.048734104051661405,0.048893073,2.9544387342839527e-15,0.073063227,4.415950083973011e-15,300000000000000.0,50,5.2E+13
209215.537,7.04531E+11,9.6906592e+30,0.069691515,4.148319067936324e-15,0.04864133,0.048986810032571236,2.9438617844654826e-15,0.073203335,4.400138983541547e-15,300000000000000.0,50,5.2E+13
210215.537,7.03946E+11,9.4961317e+30,0.069822466,4.133678120292262e-15,0.048550197,0.04907974,2.933445217434708e-15,0.073342235,4.384567680055535e-15,300000000000000.0,50,5.2E+13
211215.537,7.0336E+11,9.3051223e+30,0.069953416,4.119037172648201e-15,0.048459063,0.049172669,2.9230286504039338e-15,0.073481136,4.368996376569523e-15,300000000000000.0,50,5.2E+13
212215.537,7.02775E+11,9.1175734e+30,0.070084367,4.104396225004139e-15,0.048367930156249066,0.049265599,2.9126120833731592e-15,0.073620036,4.353425073083511e-15,300000000000000.0,50,5.2E+13
213215.537,7.02189E+11,8.9334294e+30,0.070213934,4.0900245077608405e-15,0.048278762,0.049357544064170415,2.902387715701846e-15,0.073757465,4.338141135161538e-15,300000000000000.0,50,5.2E+13
214215.537,7.01604E+11,8.7526346e+30,0.070343316,4.075688922251431e-15,0.048189857,0.049449357,2.8921891419085266e-15,0.073894696,4.322895762780676e-15,300000000000000.0,50,5.2E+13
215215.537,7.01019E+11,8.5751344e+30,0.070472697,4.061353336742022e-15,0.048100952079818626,0.049541171,2.8819905681152078e-15,0.074031928,4.307650390399814e-15,300000000000000.0,50,5.2E+13
216215.537,7.00435E+11,8.4010772e+30,0.07060141,4.0471510592785616e-15,0.048012980352703565,0.049632508,2.8718871293588757e-15,0.074168448,4.292547255803396e-15,300000000000000.0,50,5.2E+13
217215.537,6.99852E+11,8.2303708e+30,0.070729231,4.0331267840071956e-15,0.047926254530781406,0.049723211,2.861910721533109e-15,0.07430402,4.277634047008152e-15,300000000000000.0,50,5.2E+13
218215.537,6.99269E+11,8.0628364e+30,0.070857051,4.01910250873583e-15,0.047839529,0.049813913349423526,2.8519343137073415e-15,0.074439591,4.262720838212909e-15,300000000000000.0,50,5.2E+13
219215.537,6.98686E+11,7.8983946e+30,0.070984871,4.0050782334644644e-15,0.047752803,0.049904616,2.8419579058815747e-15,0.074575162,4.247807629417665e-15,300000000000000.0,50,5.2E+13
220215.537,6.98104E+11,7.7369799e+30,0.071111266,3.9913317001706186e-15,0.047668033,0.049994304,2.832179697881323e-15,0.074709217,4.233190750709294e-15,300000000000000.0,50,5.2E+13
221215.537,6.97522E+11,7.5785395e+30,0.071237534,3.977609782316267e-15,0.047583437,0.050083902541348264,2.822419055737902e-15,0.074843137,4.218600134848871e-15,300000000000000.0,50,5.2E+13
222215.537,6.96941E+11,7.4230188e+30,0.071363802,3.963887864461916e-15,0.047498841,0.050173501,2.8126584135944807e-15,0.074977058,4.204009518988448e-15,300000000000000.0,50,5.2E+13
223215.537,6.9636E+11,7.2703691e+30,0.071489527,3.95026848051242e-15,0.047414977389679466,0.050262712964662615,2.8029709402860292e-15,0.075110401,4.189528298162333e-15,300000000000000.0,50,5.2E+13
224215.537,6.9578E+11,7.1205451e+30,0.071614252,3.9368379524330425e-15,0.047332463,0.050351213461184936,2.7934182357061574e-15,0.07524268,4.175248570631728e-15,300000000000000.0,50,5.2E+13
225215.537,6.95199E+11,6.9734968e+30,0.071738977,3.923407424353665e-15,0.047249948296060135,0.050439714,2.7838655311262855e-15,0.07537496,4.160968843101122e-15,300000000000000.0,50,5.2E+13
226215.537,6.94619E+11,6.8291769e+30,0.071863701,3.9099768962742875e-15,0.047167434,0.050528214,2.7743128265464133e-15,0.075507239,4.146689115570517e-15,300000000000000.0,50,5.2E+13
227215.537,6.94039E+11,6.687541e+30,0.07198731,3.896752790840885e-15,0.047086399,0.050615921,2.764907416503571e-15,0.075638332,4.132629607547769e-15,300000000000000.0,50,5.2E+13
228215.537,6.9346E+11,6.5485445e+30,0.072110499,3.883606138108091e-15,0.047005919,0.050703329,2.755557273457351e-15,0.075768979,4.118652729003631e-15,300000000000000.0,50,5.2E+13
229215.537,6.92881E+11,6.4121427e+30,0.072233689,3.870459485375298e-15,0.04692544,0.050790738,2.7462071304111317e-15,0.075899626,4.1046758504594936e-15,300000000000000.0,50,5.2E+13
230215.537,6.92302E+11,6.2782914e+30,0.072356812,3.857324891188445e-15,0.046845046,0.050878099,2.736865591129346e-15,0.076030203,4.0907118352938304e-15,300000000000000.0,50,5.2E+13
231215.537,6.91723E+11,6.1469489e+30,0.072478474,3.844455531992714e-15,0.046766556,0.050964422,2.7277132968356932e-15,0.076159226,4.0770307578963065e-15,300000000000000.0,50,5.2E+13
232215.537,6.91145E+11,6.0180741e+30,0.072600136,3.831586172796984e-15,0.046688066,0.051050744,2.7185610025420403e-15,0.076288249,4.063349680498783e-15,300000000000000.0,50,5.2E+13
233215.537,6.90566E+11,5.891626e+30,0.072721798,3.818716813601253e-15,0.046609575313479076,0.051137066,2.709408708248387e-15,0.076417273,4.049668603101259e-15,300000000000000.0,50,5.2E+13
234215.537,6.89989E+11,5.7675643e+30,0.072843005,3.805928718717254e-15,0.046531668150498716,0.051223064626407466,2.7003143911063252e-15,0.076545812,4.036074206080648e-15,300000000000000.0,50,5.2E+13
235215.537,6.89411E+11,5.6458493e+30,0.072963148,3.7933303296627205e-15,0.046455122,0.051308306472231384,2.6913554175535744e-15,0.07667322,4.02268215831336e-15,300000000000000.0,50,5.2E+13
236215.537,6.88834E+11,5.5264419e+30,0.073083291,3.780731940608187e-15,0.046378577,0.051393548,2.6823964440008235e-15,0.076800629,4.009290110546072e-15,300000000000000.0,50,5.2E+13
237215.537,6.88256E+11,5.4093037e+30,0.073203434,3.768133551553654e-15,0.046302031063664685,0.05147879,2.6734374704480726e-15,0.076928037,3.995898062778783e-15,300000000000000.0,50,5.2E+13
238215.537,6.87679E+11,5.2943973e+30,0.073322828,3.755666575773348e-15,0.046226427,0.051563499,2.6645722435281936e-15,0.077054649,3.982646172662071e-15,300000000000000.0,50,5.2E+13
239215.537,6.87103E+11,5.1816859e+30,0.073441459,3.7433334379979e-15,0.046151783,0.051647666451109506,2.6558024929776488e-15,0.077180451,3.96953702627067e-15,300000000000000.0,50,5.2E+13
240215.537,6.86526E+11,5.0711324e+30,0.073560091,3.731000300222452e-15,0.046077137947742354,0.051731833,2.647032742427104e-15,0.077306252,3.9564278798792694e-15,300000000000000.0,50,5.2E+13
241215.537,6.8595E+11,4.9626994e+30,0.073678722,3.718667162447003e-15,0.046002493,0.051816,2.6382629918765595e-15,0.077432054,3.943318733487868e-15,300000000000000.0,50,5.2E+13
242215.537,6.85374E+11,4.8563509e+30,0.073796407,3.706497154035108e-15,0.045929018,0.051899495,2.6296096033428374e-15,0.07755685,3.930383555259238e-15,300000000000000.0,50,5.2E+13
243215.537,6.84799E+11,4.7520515e+30,0.073913535,3.694423330294409e-15,0.045856232,0.051982592,2.6210248244210448e-15,0.077681053,3.917550952496913e-15,300000000000000.0,50,5.2E+13
244215.537,6.84223E+11,4.6497672e+30,0.074030663,3.682349506553709e-15,0.045783445,0.052065690043841956,2.6124400454992522e-15,0.077805256,3.904718349734588e-15,300000000000000.0,50,5.2E+13
245215.537,6.83648E+11,4.5494649e+30,0.07414779,3.67027568281301e-15,0.045710659,0.052148788,2.60385526657746e-15,0.077929459,3.891885746972263e-15,300000000000000.0,50,5.2E+13
246215.537,6.83073E+11,4.4511118e+30,0.074263871,3.658378986860189e-15,0.045639144105318254,0.052231141,2.5953968251942098e-15,0.07805255,3.8792420253420335e-15,300000000000000.0,50,5.2E+13
247215.537,6.82498E+11,4.3546758e+30,0.074379502,3.646558257809515e-15,0.045568174482312374,0.052313174851862806,2.5869925676944883e-15,0.078175163,3.8666793114105465e-15,300000000000000.0,50,5.2E+13
248215.537,6.81923E+11,4.2601249e+30,0.074495134,3.634737528758842e-15,0.045497205,0.052395209,2.578588310194767e-15,0.078297776,3.85411659747906e-15,300000000000000.0,50,5.2E+13
249215.537,6.81349E+11,4.1674297e+30,0.074610766,3.622916799708168e-15,0.045426235,0.052477243,2.5701840526950454e-15,0.078420389,3.841553883547574e-15,300000000000000.0,50,5.2E+13
250215.537,6.80775E+11,4.0765558e+30,0.074725345,3.61127043274184e-15,0.045356521,0.052558529,2.561904151360749e-15,0.078541884,3.829177087550594e-15,300000000000000.0,50,5.2E+13
251215.537,6.80201E+11,3.9874721e+30,0.074839488,3.5996964276135975e-15,0.045287326820920404,0.052639504271937664,2.5536758589570356e-15,0.078662915,3.816877449173772e-15,300000000000000.0,50,5.2E+13
252215.537,6.79627E+11,3.9001494e+30,0.074953631,3.588122422485355e-15,0.045218133,0.05272048,2.5454475665533224e-15,0.078783946,3.8045778107969495e-15,300000000000000.0,50,5.2E+13
253215.537,6.79053E+11,3.814558e+30,0.075067774,3.576548417357113e-15,0.045148939240884714,0.052801455454918274,2.537219274149609e-15,0.078904977,3.792278172420128e-15,300000000000000.0,50,5.2E+13
254215.537,6.7848E+11,3.730671e+30,0.075180956,3.565131771385443e-15,0.045080871,0.052881748,2.5291031983613196e-15,0.079024987,3.780146301613451e-15,300000000000000.0,50,5.2E+13
255215.537,6.77906E+11,3.6484605e+30,0.075293618,3.553800370439019e-15,0.045013413655683204,0.052961670599691923,2.5210479128595496e-15,0.079144444,3.7681053143057965e-15,300000000000000.0,50,5.2E+13
256215.537,6.77333E+11,3.5678952e+30,0.07540628,3.5424689694925944e-15,0.044945955854563506,0.053041593,2.51299262735778e-15,0.079263901,3.756064326998141e-15,300000000000000.0,50,5.2E+13
257215.537,6.7676E+11,3.4889589e+30,0.075518942,3.5311375685461697e-15,0.044878498,0.053121516,2.5049373418560104e-15,0.079383358,3.7440233396904855e-15,300000000000000.0,50,5.2E+13
258215.537,6.76188E+11,3.4116387e+30,0.07563083,3.5199327130609238e-15,0.04481193,0.053200888776557625,2.4969722834218443e-15,0.079501993,3.732117243528484e-15,300000000000000.0,50,5.2E+13
259215.537,6.75615E+11,3.3358962e+30,0.075742018,3.5088425629200305e-15,0.044746169465694416,0.053279764,2.489089010037597e-15,0.079619884,3.720333417538548e-15,300000000000000.0,50,5.2E+13
260215.537,6.75044E+11,3.2616977e+30,0.075853206,3.4977524127791377e-15,0.044680409,0.053358638620467046,2.4812057366533494e-15,0.079737775,3.708549591548611e-15,300000000000000.0,50,5.2E+13
261215.537,6.74472E+11,3.1890215e+30,0.075964394,3.486662262638245e-15,0.044614648,0.053437514,2.473322463269102e-15,0.079855666,3.696765765558675e-15,300000000000000.0,50,5.2E+13
262215.537,6.73901E+11,3.1178599e+30,0.076075094,3.475652351100817e-15,0.044549439681327074,0.053516041,2.465496389462443e-15,0.079973038,3.685067453121522e-15,300000000000000.0,50,5.2E+13
263215.537,6.7333E+11,3.0481776e+30,0.076184816,3.4648028847889703e-15,0.044485337,0.053593874,2.4577846920124625e-15,0.080089372,3.6735401337061065e-15,300000000000000.0,50,5.2E+13
264215.537,6.7276E+11,2.9799514e+30,0.076294538,3.4539534184771236e-15,0.044421235,0.053671707041545696,2.450072994562482e-15,0.080205705,3.662012814290691e-15,300000000000000.0,50,5.2E+13
265215.537,6.7219E+11,2.913152e+30,0.076404261,3.443103952165277e-15,0.044357132,0.05374954,2.442361297112501e-15,0.080322039,3.6504854948752755e-15,300000000000000.0,50,5.2E+13
266215.537,6.7162E+11,2.8477534e+30,0.076513875,3.432272130857931e-15,0.04429315,0.053827296,2.4346621763935216e-15,0.080438257,3.638976977557284e-15,300000000000000.0,50,5.2E+13
267215.537,6.71051E+11,2.7837355e+30,0.07662214,3.4216609496709487e-15,0.044230668,0.053904093,2.427120320096985e-15,0.080553042,3.627703569107545e-15,300000000000000.0,50,5.2E+13
268215.537,6.70482E+11,2.7210989e+30,0.076730405,3.411049768483966e-15,0.044168185,0.053980891,2.4195784638004483e-15,0.080667828,3.6164301606578045e-15,300000000000000.0,50,5.2E+13
269215.537,6.69914E+11,2.659792e+30,0.07683867,3.400438587296984e-15,0.044105703297803917,0.054057688,2.4120366075039114e-15,0.080782613,3.605156752208065e-15,300000000000000.0,50,5.2E+13
270215.537,6.69347E+11,2.5997929e+30,0.076946935,3.3898274061100012e-15,0.044043221,0.054134485,2.4044947512073746e-15,0.080897398,3.593883343758325e-15,300000000000000.0,50,5.2E+13
271215.537,6.68779E+11,2.5410918e+30,0.07705412,3.379391874419945e-15,0.043981919,0.054210514,2.397078074234192e-15,0.081011036,3.582797075778857e-15,300000000000000.0,50,5.2E+13
272215.537,6.68213E+11,2.4836689e+30,0.077160936,3.3690163228800266e-15,0.043921019839731276,0.054286282,2.389704143040191e-15,0.081124282,3.57177471184523e-15,300000000000000.0,50,5.2E+13
273215.537,6.67647E+11,2.4274918e+30,0.077267752,3.358640771340108e-15,0.043860120649440566,0.05436205,2.38233021184619e-15,0.081237528,3.560752347911604e-15,300000000000000.0,50,5.2E+13
274215.537,6.67081E+11,2.3725403e+30,0.077374569,3.3482652198001898e-15,0.043799221,0.054437817,2.374956280652189e-15,0.081350774,3.5497299839779776e-15,300000000000000.0,50,5.2E+13
275215.537,6.66516E+11,2.3187999e+30,0.077480887,3.337969665200103e-15,0.043738857929055054,0.054513230436559305,2.367639355059899e-15,0.081463491,3.53879284173591e-15,300000000000000.0,50,5.2E+13
276215.537,6.65951E+11,2.2662459e+30,0.077586264,3.327825022982496e-15,0.043679505,0.054587975,2.3604299692208425e-15,0.081575208,3.528016468249986e-15,300000000000000.0,50,5.2E+13
277215.537,6.65387E+11,2.2148547e+30,0.077691641,3.3176803807648892e-15,0.043620152,0.05466272,2.353220583381786e-15,0.081686925,3.5172400947640623e-15,300000000000000.0,50,5.2E+13
278215.537,6.64823E+11,2.1646109e+30,0.077797018,3.307535738547282e-15,0.043560799,0.054737464,2.3460111975427293e-15,0.081798642,3.5064637212781384e-15,300000000000000.0,50,5.2E+13
279215.537,6.6426E+11,2.1154935e+30,0.077902395,3.297391096329675e-15,0.043501445851110515,0.054812209,2.3388018117036727e-15,0.081910359,3.4956873477922145e-15,300000000000000.0,50,5.2E+13
280215.537,6.63697E+11,2.0674793e+30,0.078006519,3.287440331685461e-15,0.043443416,0.054886063,2.331730583460415e-15,0.082020746,3.485117515628936e-15,300000000000000.0,50,5.2E+13
281215.537,6.63135E+11,2.0205457e+30,0.078110466,3.277517038151239e-15,0.043385572768708136,0.054959792,2.3246789311920575e-15,0.082130943,3.4745769489412523e-15,300000000000000.0,50,5.2E+13
282215.537,6.62572E+11,1.9746767e+30,0.078214413,3.267593744617018e-15,0.04332773,0.05503352,2.3176272789236997e-15,0.082241141,3.4640363822535686e-15,300000000000000.0,50,5.2E+13
283215.537,6.62011E+11,1.9298525e+30,0.07831836,3.2576704510827963e-15,0.043269887,0.055107248,2.3105756266553423e-15,0.082351339,3.4534958155658844e-15,300000000000000.0,50,5.2E+13
284215.537,6.61449E+11,1.8860572e+30,0.078421834,3.2478186824023858e-15,0.043212535,0.05518064,2.303574940418456e-15,0.082461035,3.4430314412290847e-15,300000000000000.0,50,5.2E+13
285215.537,6.60888E+11,1.8432742e+30,0.078524359,3.2381104165846172e-15,0.043156168,0.055253358162699225,2.296676509146437e-15,0.082569722,3.4327199343206084e-15,300000000000000.0,50,5.2E+13
286215.537,6.60327E+11,1.8014884e+30,0.078626884,3.2284021507668487e-15,0.0430998,0.055326076065507025,2.2897780778744177e-15,0.08267841,3.4224084274121318e-15,300000000000000.0,50,5.2E+13
287215.537,6.59767E+11,1.7606792e+30,0.078729409,3.21869388494908e-15,0.043043433,0.055398794,2.2828796466023988e-15,0.082787097,3.412096920503655e-15,300000000000000.0,50,5.2E+13
288215.537,6.59206E+11,1.7208268e+30,0.078831934,3.2089856191313112e-15,0.042987065,0.055471512,2.2759812153303794e-15,0.082895785,3.4017854135951784e-15,300000000000000.0,50,5.2E+13
289215.537,6.58646E+11,1.6819189e+30,0.078933447,3.1994244116046273e-15,0.042931729,0.055543511,2.26918757479077e-15,0.083003398,3.3916305649486654e-15,300000000000000.0,50,5.2E+13
290215.537,6.58087E+11,1.6439389e+30,0.079034559,3.189921684698564e-15,0.042876803,0.055615224554295496,2.2624356063460923e-15,0.083110585,3.3815380145399293e-15,300000000000000.0,50,5.2E+13
291215.537,6.57527E+11,1.6068699e+30,0.07913567,3.1804189577925005e-15,0.042821877,0.055686938000151245,2.2556836379014148e-15,0.083217771,3.3714454641311928e-15,300000000000000.0,50,5.2E+13
292215.537,6.56968E+11,1.5706946e+30,0.079236782,3.1709162308864372e-15,0.042766951,0.055758651446006995,2.2489316694567373e-15,0.083324957,3.3613529137224567e-15,300000000000000.0,50,5.2E+13
293215.537,6.56408E+11,1.5353951e+30,0.079337861,3.1614183524181457e-15,0.042712058,0.055830342,2.2421831550289795e-15,0.083432108,3.351265526875213e-15,300000000000000.0,50,5.2E+13
294215.537,6.55849E+11,1.5013204e+30,0.079437566,3.152124360737078e-15,0.042658540652023486,0.055901056009513894,2.2355798891216605e-15,0.083537801,3.3413952784162212e-15,300000000000000.0,50,5.2E+13
295215.537,6.55291E+11,1.4678083e+30,0.079537271,3.1428303690560105e-15,0.042605023,0.055971770334439515,2.2289766232143416e-15,0.083643494,3.3315250299572296e-15,300000000000000.0,50,5.2E+13
296215.537,6.54733E+11,1.4351474e+30,0.079636976,3.133536377374943e-15,0.042551506,0.056042484659365135,2.2223733573070226e-15,0.083749187,3.321654781498238e-15,300000000000000.0,50,5.2E+13
297215.537,6.54176E+11,1.4033136e+30,0.079736682,3.124242385693875e-15,0.042497988797652285,0.056113198984290756,2.2157700913997036e-15,0.083854879,3.3117845330392467e-15,300000000000000.0,50,5.2E+13
298215.537,6.5362E+11,1.3722861e+30,0.079836031,3.1150019674056688e-15,0.042444821939438784,0.056183660426971066,2.209204982893925e-15,0.083960194,3.301971327140893e-15,300000000000000.0,50,5.2E+13
299215.537,6.53064E+11,1.342042e+30,0.079934339,3.105918345778269e-15,0.042392680697005435,0.056253382,2.2027515520853588e-15,0.084064403,3.2923250713376183e-15,300000000000000.0,50,5.2E+13
300215.537,6.52508E+11,1.3125528e+30,0.080032646,3.0968347241508695e-15,0.042340539454572085,0.056323103,2.1962981212767924e-15,0.084168611,3.282678815534344e-15,300000000000000.0,50,5.2E+13
301215.537,6.51953E+11,1.2837997e+30,0.080130954,3.0877511025234697e-15,0.042288398,0.056392824375294116,2.189844690468226e-15,0.084272819,3.2730325597310696e-15,300000000000000.0,50,5.2E+13
302215.537,6.51398E+11,1.2557656e+30,0.080229262,3.0786674808960703e-15,0.042236257,0.056462546,2.18339125965966e-15,0.084377028,3.2633863039277955e-15,300000000000000.0,50,5.2E+13
303215.537,6.50844E+11,1.2284368e+30,0.080327002,3.0696676616684795e-15,0.042184665,0.056531864,2.1769975124916086e-15,0.084480634,3.2538292704778722e-15,300000000000000.0,50,5.2E+13
304215.537,6.50291E+11,1.2018055e+30,0.080423922,3.060789166461707e-15,0.042133867043730885,0.056600599,2.1706901716706415e-15,0.084583368,3.244401407728074e-15,300000000000000.0,50,5.2E+13
305215.537,6.49737E+11,1.1758759e+30,0.080520841,3.0519106712549347e-15,0.042083069432683265,0.056669334,2.1643828308496744e-15,0.084686102,3.234973544978276e-15,300000000000000.0,50,5.2E+13
306215.537,6.49185E+11,1.150648e+30,0.080617761,3.0430321760481623e-15,0.042032272,0.056738069,2.158075490028707e-15,0.084788837,3.2255456822284777e-15,300000000000000.0,50,5.2E+13
307215.537,6.48633E+11,1.1261043e+30,0.08071468,3.03415368084139e-15,0.041981474,0.056806804,2.1517681492077397e-15,0.084891571,3.2161178194786796e-15,300000000000000.0,50,5.2E+13
308215.537,6.48081E+11,1.1022318e+30,0.080810933,3.025369456222188e-15,0.041931311088320204,0.056875066,2.1455279500117323e-15,0.084993597,3.206790328244491e-15,300000000000000.0,50,5.2E+13
309215.537,6.47529E+11,1.0790164e+30,0.080906473,3.0166858964134826e-15,0.041881825,0.056942821,2.1393594465495404e-15,0.085094867,3.1975700165650145e-15,300000000000000.0,50,5.2E+13
310215.537,6.46978E+11,1.0564497e+30,0.081002013,3.0080023366047773e-15,0.04183234,0.057010577,2.133190943087348e-15,0.085196137,3.1883497048855377e-15,300000000000000.0,50,5.2E+13
311215.537,6.46427E+11,1.0345174e+30,0.081097554,2.999318776796072e-15,0.041782854,0.057078332,2.1270224396251557e-15,0.085297407,3.179129393206061e-15,300000000000000.0,50,5.2E+13
312215.537,6.45877E+11,1.013209e+30,0.081193094,2.9906352169873667e-15,0.041733369,0.057146087,2.120853936162964e-15,0.085398677,3.1699090815265843e-15,300000000000000.0,50,5.2E+13
313215.537,6.45327E+11,9.9251351e+29,0.081287979,2.982034662797197e-15,0.041684496412739594,0.057213377,2.1147445711545607e-15,0.08549925,3.16077717845559e-15,300000000000000.0,50,5.2E+13
314215.537,6.44777E+11,9.7239078e+29,0.081382149,2.973524552678985e-15,0.041636292,0.057280158714287634,2.10869964422474e-15,0.085599065,3.1517416066292553e-15,300000000000000.0,50,5.2E+13
315215.537,6.44226E+11,9.5280828e+29,0.081476319,2.9650144425607727e-15,0.041588088,0.057346940527812376,2.1026547172949197e-15,0.08569888,3.1427060348029205e-15,300000000000000.0,50,5.2E+13
316215.537,6.43675E+11,9.3375811e+29,0.081570489,2.9565043324425605e-15,0.041539884,0.057413722341337126,2.096609790365099e-15,0.085798694,3.1336704629765858e-15,300000000000000.0,50,5.2E+13
317215.537,6.43123E+11,9.1523003e+29,0.081664659,2.9479942223243483e-15,0.041491680349114865,0.057480504,2.0905648634352787e-15,0.085898509,3.1246348911502507e-15,300000000000000.0,50,5.2E+13
318215.537,6.4257E+11,8.9721401e+29,0.081758293,2.939540250381787e-15,0.041443967742790716,0.057546906,2.0845599636983453e-15,0.085997755,3.1156591596217558e-15,300000000000000.0,50,5.2E+13
319215.537,6.42017E+11,8.7970011e+29,0.081851098,2.931173308970125e-15,0.041397017,0.057612718,2.078617117774295e-15,0.08609612,3.1067761979923496e-15,300000000000000.0,50,5.2E+13
320215.537,6.41462E+11,8.626829e+29,0.081943903,2.9228063675584638e-15,0.041350066,0.057678530099813254,2.072674271850245e-15,0.086194486,3.097893236362944e-15,300000000000000.0,50,5.2E+13
321215.537,6.40908E+11,8.4615311e+29,0.082036708,2.914439426146802e-15,0.041303115,0.057744342269955874,2.0667314259261946e-15,0.086292851,3.089010274733538e-15,300000000000000.0,50,5.2E+13
322215.537,6.40353E+11,8.2974082e+29,0.082129512,2.9060724847351406e-15,0.041256165,0.057810154440098495,2.0607885800021445e-15,0.086391216,3.0801273131041325e-15,300000000000000.0,50,5.2E+13
323215.537,6.39799E+11,8.1426206e+29,0.082222013,2.8977463379866854e-15,0.041209487549521986,0.057875751,2.0548747820977347e-15,0.086489259,3.071287775418672e-15,300000000000000.0,50,5.2E+13
324215.537,6.39245E+11,7.992734e+29,0.082313454,2.8895623820388977e-15,0.041163764,0.057940594029493774,2.0490622317793024e-15,0.086586176,3.0625995929564765e-15,300000000000000.0,50,5.2E+13
325215.537,6.38692E+11,7.847514e+29,0.082404895,2.8813784260911096e-15,0.041118041352148416,0.058005437,2.0432496814608705e-15,0.086683093,3.0539114104942814e-15,300000000000000.0,50,5.2E+13
326215.537,6.3814E+11,7.7068164e+29,0.082496336,2.8731944701433215e-15,0.041072318,0.058070281,2.037437131142438e-15,0.08678001,3.0452232280320863e-15,300000000000000.0,50,5.2E+13
327215.537,6.37588E+11,7.5705139e+29,0.082587777,2.8650105141955337e-15,0.041026595,0.058135124220303314,2.0316245808240063e-15,0.086876928,3.0365350455698912e-15,300000000000000.0,50,5.2E+13
328215.537,6.37036E+11,7.4384908e+29,0.082679217,2.8568265582477456e-15,0.040980872,0.058199968,2.025812030505574e-15,0.086973845,3.027846863107696e-15,300000000000000.0,50,5.2E+13
329215.537,6.36485E+11,7.3106264e+29,0.082769344,2.848823529188266e-15,0.040936312,0.058263877253383375,2.0201282781336066e-15,0.087069366,3.0193512187151146e-15,300000000000000.0,50,5.2E+13
330215.537,6.35935E+11,7.1868155e+29,0.082859429,2.840826154714055e-15,0.040891788,0.058327758,2.014448551138837e-15,0.087164844,3.0108615917970077e-15,300000000000000.0,50,5.2E+13
331215.537,6.35385E+11,7.0669534e+29,0.082949514,2.8328287802398442e-15,0.040847263844643086,0.058391638,2.008768824144068e-15,0.087260322,3.002371964878901e-15,300000000000000.0,50,5.2E+13
332215.537,6.34835E+11,6.950974e+29,0.083039599,2.8248314057656332e-15,0.04080274,0.058455518612140114,2.003089097149299e-15,0.0873558,2.993882337960794e-15,300000000000000.0,50,5.2E+13
333215.537,6.34286E+11,6.8387953e+29,0.083129684,2.8168340312914222e-15,0.040758216,0.058519399,1.9974093701545295e-15,0.087451278,2.9853927110426872e-15,300000000000000.0,50,5.2E+13
334215.537,6.33737E+11,6.7302824e+29,0.083218919,2.8089538719903325e-15,0.040714431,0.058582676,1.991813073702521e-15,0.087545854,2.9770278022495763e-15,300000000000000.0,50,5.2E+13
335215.537,6.33189E+11,6.625328e+29,0.083307658,2.8011422561875646e-15,0.040671077330774956,0.058645600330474994,1.9862655646311514e-15,0.087639902,2.968735824429168e-15,300000000000000.0,50,5.2E+13
336215.537,6.32642E+11,6.523819e+29,0.083396396,2.7933306403847963e-15,0.040627724,0.058708525,1.9807180555597815e-15,0.087733951,2.96044384660876e-15,300000000000000.0,50,5.2E+13
337215.537,6.32095E+11,6.4256693e+29,0.083485135,2.785519024582028e-15,0.040584371,0.058771449,1.9751705464884117e-15,0.087827999,2.9521518687883524e-15,300000000000000.0,50,5.2E+13
338215.537,6.31549E+11,6.3307838e+29,0.083573874,2.77770740877926e-15,0.040541017,0.058834373,1.9696230374170423e-15,0.087922048,2.9438598909679443e-15,300000000000000.0,50,5.2E+13
339215.537,6.31003E+11,6.2390664e+29,0.083662338,2.76993325151771e-15,0.040497899,0.058897102,1.9641021878323874e-15,0.088015805,2.9356077655205456e-15,300000000000000.0,50,5.2E+13
340215.537,6.30458E+11,6.1504219e+29,0.08374974,2.7623039228723223e-15,0.040455688,0.058959077,1.9586844137131143e-15,0.088108435,2.9275097241310442e-15,300000000000000.0,50,5.2E+13
341215.537,6.29913E+11,6.0647618e+29,0.083837142,2.754674594226935e-15,0.040413477,0.059021052192917395,1.953266639593841e-15,0.088201065,2.919411682741543e-15,300000000000000.0,50,5.2E+13
342215.537,6.29369E+11,5.9820033e+29,0.083924544,2.7470452655815475e-15,0.040371266404377576,0.059083027,1.9478488654745678e-15,0.088293694,2.9113136413520414e-15,300000000000000.0,50,5.2E+13
343215.537,6.28825E+11,5.9020628e+29,0.084011946,2.7394159369361603e-15,0.040329056,0.059145002264727464,1.9424310913552947e-15,0.088386324,2.9032155999625404e-15,300000000000000.0,50,5.2E+13
344215.537,6.28282E+11,5.8248577e+29,0.084099348,2.7317866082907727e-15,0.040286845,0.059206977300632506,1.9370133172360216e-15,0.088478954,2.895117558573039e-15,300000000000000.0,50,5.2E+13
345215.537,6.27739E+11,5.7503051e+29,0.084185832,2.7242808795376147e-15,0.040245405282779666,0.059268301,1.9316835022296274e-15,0.08857061,2.8871510037109723e-15,300000000000000.0,50,5.2E+13
346215.537,6.27197E+11,5.678322e+29,0.084271908,2.716830232164776e-15,0.040204309,0.059329334,1.926392885553116e-15,0.088661831,2.879243044850034e-15,300000000000000.0,50,5.2E+13
347215.537,6.26656E+11,5.6088288e+29,0.084357983,2.7093795847919375e-15,0.040163214,0.059390367,1.921102268876605e-15,0.088753053,2.871335085989096e-15,300000000000000.0,50,5.2E+13
348215.537,6.26115E+11,5.5417504e+29,0.084444059,2.7019289374190987e-15,0.040122118,0.059451399636315176,1.915811652200093e-15,0.088844275,2.863427127128157e-15,300000000000000.0,50,5.2E+13
349215.537,6.25575E+11,5.4770052e+29,0.084530134,2.69447829004626e-15,0.040081022112340575,0.059512433,1.910521035523582e-15,0.088935497,2.855519168267219e-15,300000000000000.0,50,5.2E+13
350215.537,6.25035E+11,5.4145177e+29,0.084616093,2.687043141343137e-15,0.040040022,0.059573383,1.905241447335166e-15,0.089026595,2.8476276953685133e-15,300000000000000.0,50,5.2E+13
351215.537,6.24495E+11,5.3542201e+29,0.084700852,2.6797680198610813e-15,0.040000014723540415,0.059633481,1.9000757307457227e-15,0.089116419,2.839906443706285e-15,300000000000000.0,50,5.2E+13
352215.537,6.23957E+11,5.2960431e+29,0.084785611,2.6724928983790258e-15,0.039960007,0.059693579,1.8949100141562796e-15,0.089206243,2.8321851920440562e-15,300000000000000.0,50,5.2E+13
353215.537,6.23418E+11,5.2399174e+29,0.08487037,2.6652177768969706e-15,0.039919999,0.059753677,1.8897442975668365e-15,0.089296068,2.8244639403818274e-15,300000000000000.0,50,5.2E+13
354215.537,6.22881E+11,5.1857737e+29,0.084955129,2.657942655414915e-15,0.039879991697648345,0.059813775,1.8845785809773933e-15,0.089385892,2.8167426887195987e-15,300000000000000.0,50,5.2E+13
355215.537,6.22344E+11,5.1335427e+29,0.085039888,2.65066753393286e-15,0.039839984022350984,0.059873873,1.8794128643879502e-15,0.089475716,2.80902143705737e-15,300000000000000.0,50,5.2E+13
356215.537,6.21807E+11,5.0831637e+29,0.085124132,2.6434600228252937e-15,0.039800394,0.059933606271037505,1.874295253924476e-15,0.089564995,2.801372096657815e-15,300000000000000.0,50,5.2E+13
357215.537,6.21271E+11,5.0345742e+29,0.085207584,2.6363566201886304e-15,0.039761449,0.059992776669623424,1.8692517187083793e-15,0.089653432,2.7938334873650492e-15,300000000000000.0,50,5.2E+13
358215.537,6.20736E+11,4.9877131e+29,0.085291037,2.6292532175519667e-15,0.039722503,0.060051947,1.864208183492283e-15,0.08974187,2.7862948780722836e-15,300000000000000.0,50,5.2E+13
359215.537,6.20201E+11,4.9425204e+29,0.085374489,2.6221498149153034e-15,0.039683557,0.060111117,1.8591646482761866e-15,0.089830308,2.778756268779518e-15,300000000000000.0,50,5.2E+13
360215.537,6.19666E+11,4.8989378e+29,0.085457942,2.61504641227864e-15,0.039644611,0.060170287865381186,1.8541211130600905e-15,0.089918745,2.7712176594867522e-15,300000000000000.0,50,5.2E+13
361215.537,6.19132E+11,4.8569088e+29,0.085541394,2.6079430096419764e-15,0.039605664979645724,0.060229458,1.849077577843994e-15,0.090007183,2.7636790501939866e-15,300000000000000.0,50,5.2E+13
362215.537,6.18599E+11,4.8163744e+29,0.08562406,2.6009418408613944e-15,0.039567348,0.06028807,1.8441067774850713e-15,0.090094786,2.7562491678381826e-15,300000000000000.0,50,5.2E+13
363215.537,6.18066E+11,4.7772928e+29,0.085706216,2.594006991405167e-15,0.039529438,0.06034632,1.8391831603858802e-15,0.090181848,2.7488898168823953e-15,300000000000000.0,50,5.2E+13
364215.537,6.17534E+11,4.7396062e+29,0.085788372,2.5870721419489397e-15,0.039491528,0.060404570221483364,1.834259543286689e-15,0.09026891,2.7415304659266076e-15,300000000000000.0,50,5.2E+13
365215.537,6.17002E+11,4.7032651e+29,0.085870528,2.5801372924927124e-15,0.039453618,0.06046282,1.8293359261874974e-15,0.090355972,2.7341711149708202e-15,300000000000000.0,50,5.2E+13
366215.537,6.16471E+11,4.6682211e+29,0.085952684,2.5732024430364854e-15,0.039415708,0.06052107,1.8244123090883063e-15,0.090443034,2.726811764015033e-15,300000000000000.0,50,5.2E+13
367215.537,6.15941E+11,4.6344282e+29,0.08603484,2.566267593580258e-15,0.039377798493481046,0.06057932,1.819488691989115e-15,0.090530095,2.7194524130592456e-15,300000000000000.0,50,5.2E+13
368215.537,6.15411E+11,4.6018404e+29,0.086116063,2.559452954083175e-15,0.039340622,0.060636908,1.8146505907657432e-15,0.090616167,2.7122208940102387e-15,300000000000000.0,50,5.2E+13
369215.537,6.14881E+11,4.5704141e+29,0.086196933,2.552683860329422e-15,0.039303722954620486,0.060694244,1.8098448902199732e-15,0.090701864,2.705037808545746e-15,300000000000000.0,50,5.2E+13
370215.537,6.14352E+11,4.5401029e+29,0.086277802,2.5459147665756695e-15,0.039266824,0.060751581,1.805039189674203e-15,0.090787561,2.697854723081253e-15,300000000000000.0,50,5.2E+13
371215.537,6.13824E+11,4.5108694e+29,0.086358672,2.5391456728219166e-15,0.039229925,0.060808918,1.800233489128433e-15,0.090873258,2.69067163761676e-15,300000000000000.0,50,5.2E+13
372215.537,6.13296E+11,4.4826736e+29,0.086439542,2.5323765790681637e-15,0.039193026313394184,0.060866254587051145,1.7954277885826635e-15,0.090958955,2.6834885521522674e-15,300000000000000.0,50,5.2E+13
373215.537,6.12769E+11,4.4554786e+29,0.086520411,2.5256074853144113e-15,0.039156127432985424,0.060923591,1.7906220880368935e-15,0.091044652,2.6763054666877745e-15,300000000000000.0,50,5.2E+13
374215.537,6.12242E+11,4.4292442e+29,0.086600326,2.518960479378581e-15,0.039119967,0.06098025,1.7859032307551772e-15,0.091129336,2.6692521967370537e-15,300000000000000.0,50,5.2E+13
375215.537,6.11716E+11,4.4039342e+29,0.08667992,2.512354549171531e-15,0.039084054,0.061036681166113535,1.7812135913792386e-15,0.091213679,2.6622426024529626e-15,300000000000000.0,50,5.2E+13
376215.537,6.11191E+11,4.3795138e+29,0.086759514,2.505748618964481e-15,0.039048141354959424,0.061093112,1.7765239520033e-15,0.091298021,2.6552330081688714e-15,300000000000000.0,50,5.2E+13
377215.537,6.10666E+11,4.3559496e+29,0.086839108,2.4991426887574306e-15,0.039012229,0.061149542977019404,1.7718343126273616e-15,0.091382364,2.6482234138847803e-15,300000000000000.0,50,5.2E+13
378215.537,6.10142E+11,4.3332097e+29,0.086918702,2.4925367585503804e-15,0.038976316,0.061205974,1.767144673251423e-15,0.091466707,2.6412138196006895e-15,300000000000000.0,50,5.2E+13
379215.537,6.09618E+11,4.3112626e+29,0.086998296,2.4859308283433306e-15,0.038940404,0.061262405,1.7624550338754845e-15,0.09155105,2.6342042253165984e-15,300000000000000.0,50,5.2E+13
380215.537,6.09095E+11,4.2900775e+29,0.087077036,2.4794332706154964e-15,0.03890514,0.06131823,1.7578424740938175e-15,0.091634488,2.6273098510142646e-15,300000000000000.0,50,5.2E+13
381215.537,6.08572E+11,4.2696244e+29,0.087155365,2.472988112865016e-15,0.038870189,0.061373763,1.7532671836357231e-15,0.091717488,2.6204711875757815e-15,300000000000000.0,50,5.2E+13
382215.537,6.0805E+11,4.2498729e+29,0.087233693,2.4665429551145354e-15,0.038835239,0.061429295,1.7486918931776286e-15,0.091800489,2.6136325241372983e-15,300000000000000.0,50,5.2E+13