PSRJ,RAJD,RAJD_err,DECJD,DECJD_err,PMRA,PMRA_err,PMDEC,PMDEC_err,PX,PX_err,POSEPOCH,REFERENCE FOR PROPER MOTION,CLASS,ANALYSIS_TYPE,P0,P0_err,P1,P1_err,DM,DM_err,DIST,DIST_DM,BSURF,ASSOC
,[deg],[deg],[deg],[deg],[mas/yr],[mas/yr],[mas/yr],[mas/yr],[mas],[mas],[MJD],(only if different from the ATNF),,,[s],[s],[s/s],[s/s],[cm^-3pc],[cm^-3pc],[kpc],[kpc],[G],
J0014+4746,3.57396,0.00017,47.77594,8.3E-05,19.3,1.8,-19.7,1.5,NAN,0,49664,,PSR,,1.240699038946,1.1E-11,5.6446E-16,1.4E-19,30.405,0.013,1.78,1.776,847000000000,NAN
J0023+0923,5.82032559,3.7E-08,9.38996257,8.3E-08,-12.4,0.5,-6.1,0.1,0.4,0.3,56567,Perera+ 2019,PSR,,0.00305020310448,7E-18,1.14234E-20,4E-25,14.3281,4E-05,1.11,1.248,189000000,GRS:3FGL_J0023.4+0923[aaa+15]
J0024-7204ab,6.034006,2.1E-06,-72.0798894,5.6E-07,4.2,0.6,-2.9,0.5,NAN,0,51600,,PSR,,0.003704639494799,6E-16,9.82E-21,9E-24,24.37,0.02,2.54,2.54,193000000,GC:47Tuc
J0024-7204C,5.9598108,4.2E-07,-72.075418,1.1E-07,5.2,0.1,-3.1,0.1,NAN,0,51600,,PSR,,0.005756779995516,1.4E-16,-4.98503E-20,2E-24,24.5955,0.0008,4.69,2.594,NAN,GC:47Tuc
J0024-7204D,6.0578372,2.5E-07,-72.07884789,5.6E-08,4.24,0.07,-2.24,0.05,NAN,0,51600,,PSR,,0.005357573284866,9E-17,-3.422E-21,9E-25,24.7432,0.0009,4.69,2.631,NAN,GC:47Tuc
J0024-7204E,6.046272,2.1E-07,-72.08893033,5.6E-08,6.15,0.03,-2.35,0.06,NAN,0,51600,,PSR,,0.003536329152762,4E-17,9.85103E-20,6E-25,24.236,0.002,4.69,2.509,597000000,GC:47Tuc
J0024-7204F,6.0160645,4.2E-07,-72.07856064,5.6E-08,4.52,0.08,-2.5,0.05,NAN,0,51600,,PSR,,0.002623579352513,4E-17,6.45029E-20,7E-25,24.382,0.005,4.69,2.543,416000000,GC:47Tuc
J0024-7204G,6.0331679,4.2E-07,-72.07769528,1.4E-07,4.5,0.1,-2.9,0.1,NAN,0,51600,,PSR,,0.004040379143565,1.4E-16,-4.21584E-20,1.7E-24,24.436,0.004,4.69,2.556,NAN,GC:47Tuc
J0024-7204H,6.02793,8.3E-07,-72.06855742,1.7E-07,5.1,0.2,-2.8,0.2,NAN,0,51600,,PSR,,0.00321034070935,1.1E-16,-1.8294E-21,1.1E-24,24.369,0.008,4.69,2.541,NAN,GC:47Tuc
J0024-7204I,6.0330612,8.3E-07,-72.07768931,1.9E-07,5,0.2,-2.1,0.2,NAN,0,51600,,PSR,,0.003484992061663,1.3E-16,-4.5874E-20,3E-24,24.43,0.01,4.69,2.555,NAN,GC:47Tuc
J0024-7204J,5.9975321,4.2E-07,-72.06633078,1.4E-07,5.27,0.06,-3.59,0.09,NAN,0,51600,,PSR,,0.002100633545352,5E-17,-9.7917E-21,9E-25,24.5932,0.0001,4.69,2.594,NAN,GC:47Tuc
J0024-7204L,6.0157171,1.3E-06,-72.0824786,5.6E-07,4.4,0.2,-2.4,0.2,NAN,0,51600,,PSR,,0.004346167999462,4E-16,-1.22045E-19,4E-24,24.4,0.01,4.69,2.547,NAN,GC:47Tuc
J0024-7204M,5.9770413,1.3E-06,-72.0918767,5.6E-07,5,0.3,-2,0.4,NAN,0,51600,,PSR,,0.0036766432176,3E-16,-3.8419E-20,6E-24,24.43,0.02,4.69,2.553,NAN,GC:47Tuc
J0024-7204N,6.0382833,8.3E-07,-72.07469186,1.9E-07,6.3,0.2,-2.8,0.2,NAN,0,51600,,PSR,,0.003053954346261,1E-16,-2.1857E-20,1.9E-24,24.574,0.009,4.69,2.589,NAN,GC:47Tuc
J0024-7204O,6.0193856,2.5E-07,-72.08160194,5.6E-08,5.01,0.05,-2.58,0.08,NAN,0,51600,,PSR,,0.002643343297244,5E-17,3.03493E-20,6E-25,24.356,0.002,4.69,2.537,287000000,GC:47Tuc
J0024-7204Q,6.0687121,4.2E-07,-72.07365678,1.7E-07,5.2,0.1,-2.6,0.1,NAN,0,51600,,PSR,,0.004033181184573,1.5E-16,3.4008E-20,4E-24,24.265,0.004,4.69,2.517,375000000,GC:47Tuc
J0024-7204R,6.0316046,8.3E-07,-72.08066539,1.4E-07,4.8,0.1,-3.3,0.2,NAN,0,51600,,PSR,,0.003480462707493,1.3E-16,1.48352E-19,3E-24,24.361,0.007,4.69,2.538,727000000,GC:47Tuc
J0024-7204S,6.0165808,4.2E-07,-72.07843139,1.1E-07,4.5,0.1,-2.5,0.1,NAN,0,51600,,PSR,,0.002830405957879,8E-17,-1.205413E-19,9E-25,24.376,0.004,4.69,2.542,NAN,GC:47Tuc
J0024-7204T,6.035621,2.1E-06,-72.0774811,8.3E-07,5.1,0.6,-2.6,0.7,NAN,0,51600,,PSR,,0.007588479807367,1.2E-15,2.93805E-19,1.2E-23,24.41,0.02,4.69,2.55,1510000000,GC:47Tuc
J0024-7204U,6.0409858,4.2E-07,-72.06658006,1.1E-07,4.6,0.2,-3.8,0.1,NAN,0,51600,,PSR,,0.004342826696392,1.2E-16,9.52279E-20,1.7E-24,24.337,0.004,4.69,2.534,651000000,GC:47Tuc
J0024-7204W,6.025242,4.2E-06,-72.0803022,5.6E-07,6.1,0.5,-2.6,0.3,NAN,0,50000,,PSR,,0.002352344531937,3E-16,-8.65526E-20,1.2E-24,24.367,0.003,4.69,2.539,NAN,GC:47Tuc
J0024-7204X,6.0932735,3.8E-07,-72.0215115,1.9E-07,5.8,0.1,-3.3,0.2,NAN,0,54000,,PSR,,0.004771522910694,5E-17,1.8361E-20,7E-25,24.539,0.005,4.69,2.587,300000000,GC:47Tuc
J0024-7204Y,6.0058442,4.2E-07,-72.07828786,1.1E-07,4.4,0.1,-3.4,0.1,NAN,0,51600,,PSR,,0.002196657143521,5E-17,-3.51721E-20,1E-24,24.468,0.004,4.69,2.563,NAN,GC:47Tuc
J0024-7204Z,6.025171,8.3E-06,-72.0837444,1.7E-06,4,2,1,2,NAN,0,51600,,PSR,,0.004554447383906,3E-15,-4.54E-21,7E-23,24.45,0.04,2.56,2.559,NAN,GC:47Tuc
J0030+0451,7.61428258,1.6E-07,4.8610309,3.7E-07,-6.4,0.1,0.9,0.3,2.94,0.09,55390,Perera+ 2019,PSR,,0.004865453211255,3E-16,1.01743E-20,1.2E-24,4.33991,7E-05,0.32,0.345,225000000,GRS:2FGL_J0030.4+0450[naa+12]
J0034-0534,8.5909759,3.3E-07,-5.5768672,8.3E-07,7.9,0.3,-9.2,0.6,NAN,0,55000,Perera+ 2019,PSR,,0.001877181884585,2E-16,4.966E-21,1E-24,13.76517,4E-05,1.35,1.348,97700000,GRS:2FGL_J0034.4-0534[naa+12]
J0034-0721,8.5369596,4.2E-07,-7.3648358,5.6E-07,10.37,0.08,-11.13,0.16,0.93,0.08,52275,,PSR,,0.9429509945598,1.7E-12,4.0821E-16,7E-21,10.922,0.006,1.03,0.996,628000000000,NAN
J0040+5716,10.1349579,4.2E-07,57.2735647,2.8E-07,12.39,0.05,-5.4,0.1,0.11,0.04,49667,,PSR,,1.1182253452412,1.3E-12,2.878973E-15,1.2E-20,92.5146,0.0025,2.42,2.42,1820000000000,NAN
J0045-7319,11.3965,0.00029,-73.3175,5.6E-05,0.31,0.11,-0.931,0.099,0.04,0.06,57205.875,Jennings+ 2018,Binary PSR,,0.92627590497,3E-11,4.4632E-15,9E-19,105.4,0.7,59.7,58.725,2060000000000,EXGAL:SMC
J0055+5117,13.9391588,4.2E-07,51.2901669,2.8E-07,10.47,0.07,-17.4,0.1,0.35,0.06,49664,,PSR,,2.115171148865,4E-12,9.53764E-15,4E-20,44.0127,0.0024,2.86,1.935,4550000000000,NAN
J0101-6422,15.2963179,8.3E-07,-64.3750475,5.6E-07,10,1,-12,2,NAN,0,55520,,PSR,,0.002573151972168,2E-16,5.16E-21,3E-23,11.926,0.001,1,1.002,117000000,GRS:2FGL_J0101.2-6425[naa+12]
J0102+6537,15.6374642,4.2E-07,65.6203933,2.8E-07,9.24,0.07,1.77,0.15,0.4,0.04,49675,,PSR,,1.679164229064,1.2E-11,5.95492E-15,9E-20,65.853,0.016,2.5,1.978,3200000000000,NAN
J0108-1431,17.0347792,3.7E-07,-14.5306075,3.1E-07,75.1,2.3,-152.5,1.7,4.2,1.4,54100,,PSR,,0.807564614019,2E-11,7.704E-17,1.2E-19,2.38,0.19,0.21,0.232,252000000000,NAN
J0108+6608,17.0937704,1.3E-06,66.1429164,2.8E-07,-32.75,0.03,35.15,0.04,0.47,0.03,50011,,PSR,,1.2836598429,5E-10,1.3051E-14,3E-18,30.5482,0.0014,2.13,1.461,4140000000000,NAN
J0134-2937,23.5778433,1.3E-06,-29.6214006,1.9E-06,17,1,-9,2,NAN,0,54428,,PSR,,0.136961610513651,1.4E-14,7.83699E-17,3E-22,21.806,0.006,25,25,105000000000,NAN
J0139+5814,24.83225,5E-06,58.242172,4.7E-06,-19.11,0.07,-16.6,0.07,0.37,0.04,52275,,PSR,,0.27245063095,1.5E-11,1.071167E-14,1.2E-19,73.81141,0.00076,2.6,2.006,1730000000000,NAN
J0146+6145,26.5934,0.00042,61.75078,0.00019,-4.1,1,1.9,1,NAN,0,49031,,MAG,,8.6889941,4E-07,1.99E-12,5E-14,NAN,0,3.6,3.6,133000000000000,XRS:4U_0142+61
J0147+5922,26.9360142,4.2E-07,59.3675789,2.8E-07,-6.38,0.092,3.826,0.075,0.495,0.0675,53160,Deller+ 2019,PSR,,0.19632137543003,1.6E-13,2.56763E-16,8E-21,40.111,0.003,2.13,1.578,227000000000,NAN
J0151-0635,27.8446579,8.3E-07,-6.5841631,5.6E-07,10.697,0.119,-5.373,0.069,0.217,0.087,49347,Deller+ 2019,PSR,,1.464664549334,7E-12,4.4259E-16,5E-20,25.66,0.03,25,25,815000000000,NAN
J0152-1637,28.0452246,4.2E-07,-16.6315669,5.6E-07,0.804,0.217,-31.372,0.368,0.44,0.2,48227,Deller+ 2019,PSR,,0.8327416126878,1.3E-12,1.299202E-15,6E-21,11.92577,4E-05,0.92,0.92,1050000000000,NAN
J0154+1833,28.65367804,1.3E-07,18.564099,2.5E-06,10.3,0.9,-8.9,1.9,NAN,0,56900,,PSR,,0.002364569776301,5E-16,2.919E-21,1.2E-23,19.7978,0.0001,1.62,1.622,84100000,NAN
J0157+6212,29.4580975,4.2E-07,62.2074022,2.8E-07,1.57,0.06,44.8,0.04,0.56,0.03,49709,,PSR,,2.35174493646,7E-11,1.889254E-13,5E-19,30.21,0.03,1.79,1.385,21300000000000,NAN
J0205+6449,31.4080103,6.3E-07,64.8281484,2.8E-07,-1.4,0.16,0.54,0.16,NAN,0,55487,,PSR,,0.06571592849324,9E-14,1.93754256E-13,4E-21,140.7,0.3,3.2,2.784,3610000000000,SNR:PWN:3C58
J0206-4028,31.50539,2.1E-05,-40.467672,1.9E-05,9,4,26,5,NAN,0,57600,,PSR,,0.630551259569,4E-12,1.1966E-15,3E-19,12.9,1.2,1.26,1.26,879000000000,NAN
J0218+4232,34.526494038,1.7E-08,42.53815976,2.2E-08,5.31,0.08,-3.1,0.1,0.16,0.09,55849.1,Perera+ 2019,PSR,,0.002323090531512,8E-17,7.73955E-20,7E-25,61.252,0.005,3.15,2.928,429000000,GRS:2FGL_J0218.1+4233[naa+12]
J0248+6021,42.077571,4.2E-06,60.359644,2.8E-06,48,10,48,4,NAN,0,54000,,PSR,,0.217094,5E-06,5.509E-14,5E-17,370,1,2,2,3500000000000,GRS:2FGL_J0248.1+6021[naa+12]
J0255-5304,43.984552,3.8E-06,-53.072576,2.5E-06,25,4,7,3,NAN,0,57600,,PSR,,0.4477084731988,3E-13,3.129E-17,3E-20,15.9,0.5,1.51,1.514,120000000000,NAN
J0304+1932,46.13798,6.7E-05,19.5476,0.00022,6,7,-37,4,NAN,0,49289,,PSR,,1.387584446262,3E-12,1.295235E-15,2E-20,15.65677,0.00035,0.74,0.739,1360000000000,NAN
J0323+3944,50.8610913,4.2E-07,39.7478897,2.8E-07,26.5,0.05,-30.77,0.02,1.05,0.04,49290,,PSR,,3.032071956385,1E-11,6.3562E-16,7E-20,26.18975,0.00093,0.95,1.197,1400000000000,NAN
J0332+5434,53.24754,4.2E-07,54.5787025,2.8E-07,16.97,0.03,-10.37,0.05,0.59,0.02,46473,,PSR,,0.714519699726,4E-12,2.048265E-15,8E-21,26.7641,0.0001,1.69,1.183,1220000000000,NAN
J0335+4555,53.81934,4.2E-07,45.9315144,2.8E-07,-3.66,0.05,-0.08,0.12,0.41,0.02,49912,,PSR,,0.26920054092953,1.3E-13,7.3505E-18,1E-21,47.14571,0.00029,2.44,1.535,45000000000,NAN
J0337+1715,54.4326079,5.4E-07,17.2541189,5.6E-07,4.81,0.49,-4.42,0.42,0.73,0.24,55920,,Binary PSR,,0.00273258863244,9E-14,1.7666E-20,9E-24,21.3162,0.0003,1.3,0.816,222000000,OPT:[rsa+14]
J0340+4130,55.09703317,4.5E-08,41.51258087,7.8E-08,0,0.4,-4.4,0.8,0.4,0.4,56675,Perera+ 2019,PSR,,0.003299339366491,1.7E-17,7.047E-21,1.2E-24,49.5865,0.0016,1.6,1.603,154000000,GRS:2FGL_J0340.4+4131[naa+12]
J0348+0432,57.181829167,1.7E-08,4.53651611,5.6E-08,4.04,0.16,3.5,0.6,NAN,0,56000,,Binary PSR,,0.039122656901781,7E-16,2.4075E-19,5E-23,40.46313,0.00011,2.1,2.256,3110000000,NAN
J0357+3205,59.4688,0.00083,32.0903,0.0017,117,20,115,20,NAN,0,54946,,Gamma-/X-ray PSR,,0.4441044988,6E-10,1.3037E-14,2E-17,NAN,0,0.83,0.83,2430000000000,GRS:2FGL_J0357.8+3205[naa+12]
J0357+5236,59.4368346,8.3E-07,52.6159703,2.8E-07,13.908,0.088,-10.633,0.078,0.305,0.053,49912,Deller+ 2019,PSR,,0.1970300980314,3E-13,4.76594E-16,3E-21,103.706,0.004,3.57,2.025,310000000000,NAN
J0358+5413,59.7238492,8.3E-07,54.2204956,8.3E-07,9.3,0.5,8.3,0.8,0.91,0.16,54096,,PSR,,0.156384121559,8E-12,4.39496E-15,5E-20,57.142,0.0003,1,1.594,839000000000,XRS:PWN[mvk+06]
J0406+6138,61.6253358,8.3E-07,61.6448356,2.8E-07,12.4,0.1,22.74,0.08,0.22,0.05,53784,,PSR,,0.5945761650437,8E-13,5.57316E-15,3E-20,65.4053,0.0034,4.55,1.785,1840000000000,NAN
J0437-4715,69.316234057,2.5E-09,-47.2525307539,1.9E-09,121.443,0.001,-71.474,0.002,6.42,0.07,54500,Perera+ 2019,Binary PSR,,0.005757451936713,1.7E-17,5.729215E-20,1.7E-25,2.64476,7E-05,0.16,0.156,581000000,OPT:[bbm+95]
J0452-1759,73.1421071,4.2E-07,-17.9898253,5.6E-07,11.5,0.9,6,2,0.6,1.4,52275,,PSR,,0.548939223294,3E-12,5.753107E-15,1.6E-20,39.903,0.003,0.4,2.711,1800000000000,NAN
J0453+1559,73.4392237,2.1E-07,15.9892517,1.6E-06,-5.5,0.5,-6,4.2,NAN,0,56400,,PSR,,0.045781816872952,3.3E-15,1.8612E-19,8E-23,30.3053,0.0003,0.52,0.522,2950000000,NAN
J0454+5543,73.5322942,4.2E-07,55.7281769,5.6E-07,53.34,0.06,-17.56,0.14,0.84,0.05,52275,,PSR,,0.340729436235,1E-11,2.37227E-15,7E-20,14.59002,0.00015,1.18,0.637,910000000000,NAN
J0502+4654,75.519004,1.7E-05,46.90169,2.5E-05,-8,3,8,5,NAN,0,48717,,PSR,,0.638565481517,3E-12,5.582339E-15,1.7E-20,41.834,0.02,1.32,1.319,1910000000000,NAN
J0509+0856,77.34264521,4.2E-08,8.9402847,2.2E-07,5.4,0.2,-4.3,0.5,NAN,0,57384,,PSR,,0.004055838231564,5E-16,4.412E-21,1.2E-23,38.318,0.004,0.82,0.817,135000000,NAN
J0514-4002A,78.5278863,8.3E-07,-40.0469147,5.3E-07,5.19,0.22,-0.56,0.25,NAN,0,53623.16,,PSR,,0.004990575114112,3E-15,7E-22,1.3E-22,52.14016,0.00037,13.2,13.2,59700000,GC:NGC1851
J0520-2553,80.150772,1.4E-05,-25.88675,3E-05,20,12,19,21,NAN,0,51216,S.J.Dang+ 2020,PSR,CT,0.2416421756731,7E-13,3.0092E-17,9E-21,33.77,0.03,2.38,2.379,86300000000,NAN
J0525+1115,81.485201,4.6E-06,11.2553,1.9E-05,31,2,-1,8,NAN,0,48262,,PSR,,0.3544375945137,1.3E-13,7.36052E-17,6E-22,79.418,0.013,1.84,1.841,163000000000,NAN
J0528+2200,82.21777,3.8E-05,22.0011,0.00056,-20,19,7,9,NAN,0,53100,,PSR,,3.7455392503,3E-11,4.0053E-14,1.5E-18,50.8695,0.0013,1.22,1.215,12400000000000,NAN
J0534+2200,83.63322,2.1E-05,22.014461,1.7E-05,-14.7,0.8,2,0.8,NAN,0,40706,,PSR,,0.0333924123,1.2E-09,4.20972E-13,3E-18,56.77118,0.00024,2,1.311,3790000000000,SNR:PWN:Crab[ccl+69]
J0536-7543,84.12842,4.2E-05,-75.73189,2.8E-05,3,40,65,8,NAN,0,57600,,PSR,,1.245856132914,8E-12,5.777E-16,1.3E-18,18.58,0.02,0.14,0.143,858000000000,NAN
J0538+2817,84.604405,4.2E-07,28.2858781,5.6E-07,-23.57,0.1,52.87,0.1,0.72,0.12,52275,,PSR,,0.14315825891177,1.1E-13,3.6694515E-15,1.3E-21,39.57,0.001,1.3,0.946,733000000000,SNR:S147[acj+96]
J0543+2329,85.7958,0.00071,23.27781,0.00013,19,7,12,8,NAN,0,55580,,PSR,,0.245983683333,5E-12,1.541956E-14,8E-20,77.7026,0.001,1.56,1.565,1970000000000,XRS:[pb15]
J0601-0527,90.49573,8.3E-07,-5.4641308,1.1E-06,-7.36,0.07,-15.24,0.09,0.48,0.04,49379,,PSR,,0.3959691695432,5E-13,1.302098E-15,5E-21,80.538,0.005,2.08,2.328,727000000000,NAN
J0610-2100,92.55664776,7.1E-08,-21.00775869,1.1E-07,9.04,0.08,16.73,0.08,NAN,0,55000,Perera+ 2019,PSR,,0.003861324704299,6E-16,1.235E-20,6E-23,60.6662,0.0017,3.26,3.259,221000000,GRS:2FGL_J0610.3-2059[naa+12]
J0613-0200,93.433232596,1.8E-08,-2.01311979,4E-08,1.828,0.005,-10.35,0.01,0.9,0.04,55413,Perera+ 2019,PSR,,0.003061844040962,9E-18,9.59057E-21,1.5E-25,38.77919,6E-05,0.78,1.024,173000000,GRS:2FGL_J0613.8-0200[naa+12]
J0614+2229,93.5708575,4.2E-07,22.4991244,2.8E-07,-0.24,0.04,-1.25,0.04,0.28,0.03,49674,,PSR,,0.33495996611,1.6E-10,5.94494E-14,1.2E-18,96.91,0.04,3.57,1.744,4520000000000,NAN
J0614-3329,93.5431158,1.3E-06,-33.4983661,1.1E-06,0.58,0.09,-1.92,0.12,1.1,1.1,55100,,PSR,,0.003148669579439,9E-15,1.75E-20,7E-22,37.049,0.001,0.63,2.69,238000000,GRS:2FGL_J0614.1-3329[naa+12]
J0621+1002,95.34214317,1.3E-07,10.0440931,4.2E-07,3.2,0.1,-0.6,0.5,NAN,0,55000,Perera+ 2019,PSR,,0.028853861194057,1.6E-15,4.73E-20,5E-23,36.47,0.03,0.42,0.42,1180000000,NAN
J0629+2415,97.2738637,4.2E-07,24.2615406,2.8E-07,3.56,0.12,-4.68,0.08,0.33,0.05,49438,,PSR,,0.476622836038,4E-12,1.99573E-15,3E-20,84.1762,0.005,3.12,1.667,987000000000,NAN
J0630-2834,97.70585164,1.8E-07,-28.57854967,1E-07,-46.3,0.99,21.26,0.52,3.01,0.41,54100,,PSR,,1.24441859615,8E-11,7.1229E-15,3E-19,34.425,0.001,0.32,2.069,3010000000000,XRS:RX_J0630.8-2834[bjk+05]
J0633+0632,98.43421,8.3E-05,6.543,0.00044,-36,0,39,0,NAN,NAN,NAN,Danilenko+2020,Gamma-/X-ray PSR,,0.29739519058,7E-11,7.9592E-14,3E-18,NAN,0,1.35,1.35,4920000000000,GRS:2FGL_J0633.7+0633[naa+12]
J0633+1746,98.475637,1.2E-05,17.770252,1.1E-05,138,4,97,4,6.4,1.8,49793,,PSR,,0.2370994416923,2E-12,1.097087E-14,5E-20,2.89,0.02,0.19,0.138,1630000000000,GRS:2CG195+04(Geminga)
J0636+5129,99.02019669,2.9E-08,51.48332412,4E-08,4.3,0.9,2,1.2,4.9,0.6,57002,Stovall+ 2014,PSR,,0.002868952846534,3E-17,3.442E-21,5E-24,11.10816,0.00011,0.21,0.21,101000000,XRS:[ska+16]
J0645+5158,101.49617575,1.4E-08,51.970810774,2E-08,1.64,0.08,-7.2,0.1,0.39,0.08,56534,Perera+ 2019,PSR,,0.008853496686298,1.5E-17,4.9219E-21,1E-24,18.247536,9E-06,1.25,0.672,211000000,XRS:[ska+16]
J0653+8051,103.31287,0.00012,80.86673,3.1E-05,19,3,-1,3,NAN,0,48712,,PSR,,1.214440511516,2E-12,3.798787E-15,1.5E-20,33.31882,0.00071,2.35,2.348,2170000000000,NAN
J0659+1414,104.950817,1.3E-05,14.23872,8.3E-05,44.07,0.63,-2.4,0.29,3.47,0.36,57600,,PSR,,0.384928623365,3E-12,5.494123E-14,1.2E-19,13.94,0.09,0.29,0.159,4650000000000,SNR:Monogem_Ring[tbb+03]
J0709+0458,107.28485579,8.3E-08,4.98097058,1.7E-07,-0.7,0.2,-1.3,0.4,NAN,0,56983,,PSR,,0.034428978177459,1.2E-15,3.804E-19,4E-23,44.2664,0.0005,1.2,1.203,3660000000,NAN
J0711-6830,107.97578798,5.4E-08,-68.51317068,2.2E-08,-15.57,0.02,14.24,0.02,NAN,0,54500,Perera+ 2019,PSR,,0.005490968506192,4E-17,1.49067E-20,4E-25,18.4066,0.0006,0.11,0.106,290000000,NAN
J0720-3125,110.104008,3.8E-06,-31.430579,3.1E-06,-93.2,5.4,46.8,5.1,2.8,0.9,52645.1,Eisenbeiss+ 2010,XDINS,,8.391115532,2.6E-08,6.983E-14,2.2E-16,NAN,0,0.4,0.4,24500000000000,XRS:RX_J0720.4-3125
J0729-1836,112.3847371,4.2E-07,-18.6117344,5.6E-07,-13.06,0.11,13.27,0.44,0.5,0.09,49720,,PSR,,0.51016034483,3E-11,1.895713E-14,1.9E-19,61.293,0.01,2,2.403,3150000000000,GRS:[sbc+19]
J0737-3039A,114.46353508,1.1E-07,-30.66130953,2.8E-08,-3.82,0.62,2.13,0.23,0.87,0.14,54100,,PSR,,0.022699378599624,1.1E-15,1.75993E-18,6E-23,48.92,0.005,1.1,1.105,6400000000,NAN
J0737-3039B,114.46353508,1.1E-07,-30.66130953,2.8E-08,-3.82,0.62,2.13,0.23,0.87,0.14,54100,,PSR,,2.77346077007,8E-11,8.92E-16,8E-18,48.92,0.005,1.1,1.105,1590000000000,NAN
J0738-4042,114.634425,8.3E-06,-40.71095,5.6E-06,-14,1.2,13,2,NAN,0,57600,,PSR,,0.3749207359442,1.5E-12,1.37504E-15,6E-20,160.896,0.003,1.6,1.57,727000000000,NAN
J0742-2822,115.704408,8.3E-06,-28.378822,1.1E-05,-29,2,4,2,NAN,0,49326,,PSR,,0.166762291572,2E-11,1.682112E-14,1.4E-19,73.728,0.001,2,3.114,1690000000000,GRS:2FGL_J0742.4-2821[naa+12]
J0745-5353,116.26867,0.00017,-53.885989,8.3E-06,-60,10,50,10,NAN,0,55129,,PSR,,0.214838505782,5E-12,2.18686E-15,7E-20,121.38,0.02,0.57,0.565,694000000000,NAN
J0751+1807,117.78814721,5.4E-08,18.1273573,2.8E-07,-2.72,0.06,-13.4,0.3,0.8,0.2,55000,Perera+ 2019,PSR,,0.003478770839279,4E-17,7.7874E-21,5E-25,30.246,0.006,1.11,0.428,167000000,GRS:2FGL_J0751.1+1809[naa+12]
J0754+3231,118.66953,2.1E-05,32.53228,5.6E-05,-4,5,7,3,NAN,0,48725,,PSR,,1.442349479143,3E-12,1.079865E-15,1.7E-20,39.9863,0.0014,1.46,1.464,1260000000000,NAN
J0758-1528,119.621128,2.9E-06,-15.469094,5.3E-06,-10,4,12,3,NAN,0,49896,,PSR,,0.682265175806,1.4E-12,1.61889E-15,1.4E-20,63.327,0.003,2.71,2.71,1060000000000,NAN
J0809-4753,122.43265,2.5E-05,-47.898528,1.7E-05,-19,5,15,4,NAN,0,57600,,PSR,,0.547202118684,3E-12,3.0763E-15,3E-19,228.3,1.2,6.49,6.488,1310000000000,NAN
J0814+7429,123.74792,8.3E-05,74.48492,3.1E-05,24.02,0.09,-44,0.4,2.31,0.04,49162,,PSR,,1.292241446862,3E-12,1.68114E-16,1.4E-20,5.75066,0.00048,0.43,0.368,472000000000,NAN
J0820-1350,125.1099238,4.2E-07,-13.8488497,5.6E-07,21.64,0.09,-39.44,0.05,0.51,0.04,52275,,PSR,,1.2381295438682,8E-13,2.105178E-15,7E-21,40.938,0.003,1.9,2.321,1630000000000,NAN
J0821-4300,125.489022,1.3E-05,-43.004743,1.2E-05,-54.1,8.3,-28.1,10,NAN,0,53454,,Gamma-/X-ray PSR,,0.112799455072,5E-12,9.3E-18,4E-19,NAN,0,2.2,2.2,32700000000,SNR:PUPPIS_A
J0823+0159,125.7906879,4.2E-07,1.9867969,2.8E-07,-3.797,0.244,0.171,0.256,0.376,0.099,49281,Deller+ 2019,PSR,,0.8648728046988,9E-13,1.0455E-16,6E-21,23.727,0.006,2.5,0.808,304000000000,NAN
J0824+0028,126.1035009,2.1E-07,0.4668242,5.6E-07,-4.3,0.4,-9.2,1.3,NAN,0,56600,,PSR,,0.009861348670367,1E-15,1.4689E-19,2E-23,34.5485,0.0006,1.69,1.689,1220000000,NAN
J0826+2637,126.7146117,4.2E-07,26.6225825,2.8E-07,63,0.01,-96.75,0.07,2.01,0.01,46450,,PSR,,0.53066051169,3E-11,1.70932E-15,9E-20,19.47633,0.00018,0.5,0.314,964000000000,NAN
J0835-4510,128.83588121,8.3E-08,-45.17635419,8.3E-08,-49.68,0.06,29.9,0.1,3.5,0.2,51544,,PSR,,0.089328385024,4E-12,1.25008E-13,1.6E-17,67.97,0.02,0.28,0.328,3380000000000,SNR:Vela
J0837+0610,129.273508,1.3E-05,6.17071,3.9E-05,2,5,51,3,NAN,0,48721,,PSR,,1.2737682915785,7E-13,6.799219E-15,5E-21,12.864,0.0004,0.19,0.19,2980000000000,NAN
J0837-4135,129.33831,2.5E-06,-41.5873786,1.7E-06,11,2,-13,1,NAN,0,57600,,PSR,,0.7516254225474,1.2E-12,3.53848E-15,4E-20,147.29,0.07,1.5,1.426,1650000000000,NAN
J0846-3533,131.52517,3.3E-05,-35.56144,2.8E-05,93,72,-15,65,NAN,0,57600,,PSR,,1.116098408825,1E-11,1.6044E-15,1.3E-18,94.16,0.11,0.54,0.535,1350000000000,NAN
J0900-3144,135.18313787,3.3E-08,-31.74191533,3.6E-08,-1.01,0.05,2.01,0.06,0.7,0.6,55000,Perera+ 2019,PSR,,0.011109649338094,6E-16,4.888E-20,1.1E-23,75.707,0.008,0.89,0.38,746000000,NAN
J0908-1739,137.159092,4.6E-06,-17.660464,8.3E-06,27,11,-40,11,NAN,0,48737,,PSR,,0.40162562344216,1.8E-13,6.695E-16,1.7E-21,15.879,0.002,0.8,0.805,525000000000,NAN
J0922+0638,140.558425,1.7E-05,6.63981,4.7E-05,18.8,0.9,86.4,0.7,0.83,0.13,48227,,PSR,,0.430627098928,1.7E-11,1.37294E-14,1E-18,27.2986,0.0005,1.1,1.912,2460000000000,XRS:[pb15]
J0942-5657,145.72677,3.8E-05,-56.962003,1.7E-05,-12,7,12,3,NAN,0,57600,,PSR,,0.808164371415,1.4E-11,3.96051E-14,1.4E-18,159.74,0.12,0.41,0.406,5730000000000,NAN
J0943+1631,145.8754,0.00063,16.5269,0.0017,23,16,9,11,NAN,0,48865,,PSR,,1.087417728071,1E-11,9.109E-17,8E-20,20.3402,0.0018,1.49,1.487,318000000000,NAN
J0944-1354,146.12065,4.6E-06,-13.911564,8.3E-06,-1,32,-22,14,NAN,0,49337,,PSR,,0.5702641245619,4E-13,4.5256E-17,3E-21,12.497,0.003,0.69,0.686,163000000000,NAN
J0946+0951,146.532,0.0033,9.865,0.0094,-38,19,-21,12,NAN,0,48483,,PSR,,1.09770570486,7E-11,3.49339E-15,2E-19,15.31845,0.0009,0.89,0.892,1980000000000,XRS:[zsp05]
J0953+0755,148.28879,7.9E-06,7.9266,2.2E-05,-2.09,0.08,29.46,0.07,3.82,0.07,46375,,PSR,,0.2530651649482,9E-13,2.29758E-16,3E-21,2.96927,8E-05,0.26,0.187,244000000000,NAN
J1012+5307,153.13932598,4.6E-08,53.11730077,3.7E-08,2.61,0.01,-25.49,0.01,0.9,0.2,55291,Perera+ 2019,Binary PSR,,0.005255749014115,1.4E-17,1.712794E-20,9E-26,9.02314,7E-05,0.7,0.805,304000000,OPT:[cgk98]
J1017-7156,154.46386783,8.3E-08,-71.94490163,3.1E-08,-7.31,0.06,6.76,0.05,3.9,1.2,55329.1,,PSR,,0.002338514440119,4E-17,2.2194E-21,7E-25,94.22407,3E-05,0.26,1.807,72900000,NAN
J1022+1001,155.7416487,4.2E-07,10.0313236,5.6E-07,-14.912,0.041,5.611,0.034,1.387,0.034,55000,Deller+ 2019,PSR,,0.016452929954195,9E-17,4.33375E-20,1.7E-24,10.2521,0.0001,0.72,0.834,854000000,NAN
J1023+0038,155.94869667,1.3E-07,0.64467931,1.4E-07,4.76,0.03,-17.34,0.04,0.731,0.022,54906,,Binary PSR,,0.001687987470221,3E-16,6.93E-21,9E-24,14.325,0.01,1.37,1.112,109000000,OPT:AY_Sex[asr+09]
J1024-0719,156.1611138,2.5E-08,-7.32210973,5.6E-08,-35.27,0.02,-48.22,0.04,0.8,0.1,56239,Perera+ 2019,Binary PSR,,0.00516220456226,3E-17,1.85558E-20,5E-25,6.4778,0.0006,1.22,0.381,313000000,OPT:2MASS_10243869-0719190[kkn+16]
J1035-6720,158.864492,4.2E-06,-67.3368589,1.7E-06,-12,3,1,3,NAN,0,55716,,PSR,,0.002872006391697,7E-16,4.6463E-20,9E-24,84.16,0.22,1.46,1.46,370000000,GRS:3FGL_J1035.7-6720[aaa+15]
J1041-1942,160.40082,2.1E-05,-19.70378,3.1E-05,-1,3,14,5,NAN,0,48738,,PSR,,1.386368074588,3E-12,9.4485E-16,2E-20,33.777,0.01,2.53,2.533,1160000000000,NAN
J1045-4509,161.45911233,1.3E-07,-45.16503397,1.1E-07,-6.08,0.06,5.15,0.6,2.2,1.1,54500,Perera+2019,PSR,,0.007474224228425,8E-16,1.7662E-20,5E-24,58.1438,0,0.34,0.336,368000000,NAN
J1047-3032,161.75339,5.6E-05,-30.53833,6.5E-05,55,54,34,69,NAN,0,51019,S.J.Dang+ 2020,PSR,CT,0.3303280523313,1.9E-12,6.1006E-17,2E-20,52.54,0.07,2.14,2.144,144000000000,NAN
J1048+2339,162.1809096,8.3E-07,23.6648364,1.9E-06,-16.3,1,-11.7,1.2,0.96,0.8,57205.875,Jennings+ 2018,Binary PSR,,0.004665162936264,1.6E-15,3.003E-20,1.8E-22,16.6544,0.0001,2,2.002,379000000,GRS:3FGL_J1048.6+2338(?)[cck+16]
J1057-5226,164.496021,8.3E-06,-52.448981,5.6E-06,42,5,-3,5,NAN,0,57600,,PSR,,0.1971146895745,8E-13,5.8387E-15,4E-20,29.69,0.01,0.09,0.093,1090000000000,XRS:[of93]
J1115+5030,168.91,2.1E-05,50.503414,1.4E-05,22,3,-51,3,NAN,0,49334,,PSR,,1.656439759937,3E-12,2.492785E-15,2E-20,9.18634,0.00026,0.92,0.923,2060000000000,NAN
J1116-4122,169.17953,4.2E-05,-41.37888,2.8E-05,-1,5,7,20,NAN,0,51360,,PSR,,0.943157882843,7E-12,7.9536E-15,4E-19,40.53,0.03,0.28,0.28,2770000000000,NAN
J1121-5444,170.32954,4.2E-05,-54.73475,2.8E-05,-17,6,18,6,NAN,0,57600,,PSR,,0.535786513915,9E-12,2.784E-15,9E-19,204.7,0.6,2.32,2.324,1240000000000,NAN
J1125-5825,171.4348568,2.1E-07,-58.4213555,1.1E-07,-10,0.3,2.4,0.3,NAN,0,55126.3,,PSR,,0.003102213918934,1.6E-16,6.0899E-20,2E-24,124.7946,0.0008,1.74,1.744,440000000,GRS:2FGL_J1125.0-5821[kjb+12]
J1136+1551,174.0129992,4.2E-07,15.8539397,2.8E-07,-73.785,0.02,366.559,0.06,2.687,0.02,46407,Deller+ 2019,PSR,,1.187913065936,3E-12,3.733837E-15,9E-21,4.84066,0.00034,0.37,0.414,2130000000000,XRS:[kpg06a]
J1136-5525,174.009,8.3E-05,-55.41858,5.6E-05,10,17,43,9,NAN,0,57600,,PSR,,0.364713249166,8E-12,8.2266E-15,4E-19,85.5,0.7,1.52,1.522,1750000000000,NAN
J1141-6545,175.279225,8.3E-07,-65.7553092,4.2E-07,2.9,1,1.8,0.6,NAN,0,54637,,PSR,,0.3938988148378,7E-13,4.30737E-15,1.3E-19,116.08,0.001,10,1.676,1320000000000,OPT:[abw+11]
J1142+0119,175.708937,1.3E-05,1.32658,2.5E-05,-41,29,-97,66,NAN,0,56315,,PSR,,0.005075298306404,5E-16,1.499E-20,1E-23,19.197,0.001,2.17,2.169,279000000,GRS:3FGL_J1142.9+0120[san16]
J1202-5820,180.61802,2.1E-05,-58.342678,1.4E-05,-14,4,1,5,NAN,0,57600,,PSR,,0.452803097537,5E-12,2.13023E-15,1.3E-19,145.41,0.19,1.89,1.887,994000000000,NAN
J1224-6407,186.09273,2.5E-05,-64.131631,1.1E-05,20,4,2,2,NAN,0,55191,,PSR,,0.21647979787,3E-12,4.95328E-15,4E-20,97.686,0.004,4,1.535,1050000000000,XRS:[pb15]
J1227-4853,186.994683,4.2E-06,-48.8952058,8.3E-07,-18.73,0.2,7.39,0.11,0.62,0.16,56707.98,,Binary PSR,,0.001686375410273,1.2E-14,1.11E-20,1.2E-21,43.4235,0.0007,1.61,1.244,138000000,XRS:XSS_J12270-4859[rbr14]
J1231-1411,187.797138,2.9E-06,-14.195453,5.6E-06,-62.03,0.26,6.2,0.5,NAN,0,55100,,PSR,,0.003683878711077,3E-15,2.28E-20,1.4E-22,8.09,0.001,0.42,0.42,293000000,GRS:2FGL_J1231.2-1411[naa+12]
J1239+2453,189.918589,5E-06,24.897025,5.6E-06,-104.5,1.1,49.4,1.4,1.16,0.08,46531,,PSR,,1.3824491030388,1E-12,9.60049E-16,3E-21,9.25159,0.00053,0.84,0.827,1170000000000,NAN
J1253-5820,193.368092,8.3E-06,-58.344692,5.6E-06,24,2,13,2,NAN,0,49020,,PSR,,0.2554963274098,7E-13,2.09963E-15,2E-20,100.584,0.004,1.64,1.641,741000000000,NAN
J1257-1027,194.2698437,8.3E-07,-10.4515419,5.6E-07,-7.164,0.122,12.079,0.114,0.141,0.078,49667,Deller+ 2019,PSR,,0.6173076699955,8E-13,3.627E-16,7E-21,29.634,0.009,25,25,479000000000,NAN
J1300+1240,195.0149029,4.2E-07,12.68235336,8.3E-08,45.5,0.05,-84.7,0.07,1.41,0.08,49750,,PSR,,0.0062185319484,3E-17,1.143341E-19,4E-25,10.1655,3E-05,0.71,0.877,853000000,XRS:[pkgw07]
J1302-6350,195.69849307,5E-08,-63.83573016,2.2E-08,-6.986,0.043,-0.416,0.044,0.418,0.03,57205.875,Jennings+ 2018,Binary PSR,,0.0477625075,4E-10,2.2787E-15,1.2E-18,146.73,0.01,2.63,2.214,334000000000,NAN
J1308+2127,197.20112,4.2E-05,21.451883,1.4E-05,-207,20,84,20,NAN,0,53415.68,Motch+ 2009,XDINS,,10.31252206,2E-08,1.12E-13,3E-16,NAN,0,NAN,NAN,34400000000000,XRS:RX_J1308.6+2127
J1311-1228,197.96937,4.8E-05,-12.46712,0.00011,-2,8,-20,26,NAN,0,54371,S.J.Dang+ 2020,PSR,CT,0.4475177112318,7E-13,1.50859E-16,4E-21,36.214,0.008,25,25,263000000000,NAN
J1312+0051,198.194343,3.8E-07,0.8500289,8.3E-07,-22.35,0.66,-11.2,1.5,NAN,0,55600,,PSR,,0.00422801899166,2E-16,1.7527E-20,3E-24,15.345,0.001,1.47,1.471,275000000,GRS:3FGL_J1311.0+0036[san16]
J1320-5359,200.224671,1.3E-05,-53.984722,1.1E-05,8,4,49,4,NAN,0,57600,,PSR,,0.2797376832822,8E-13,9.24577E-15,8E-20,97.1,0.1,2.2,2.204,1630000000000,NAN
J1321+8323,200.440131,2.9E-06,83.3942867,2.8E-07,-52.674,0.087,32.373,0.126,0.968,0.088,48889,Deller+ 2019,PSR,,0.670037418386,3E-12,5.663E-16,3E-20,13.31624,0.00076,1.09,0.977,623000000000,NAN
J1327-0755,201.98995,5E-06,-7.924944,1.1E-05,27,18,95,48,NAN,0,55131,,PSR,,0.002677923197121,2E-16,1.773E-21,1.8E-23,27.91215,6E-05,25,25,69700000,GRS:[sbc+19]
J1328-4357,202.0268,4.2E-05,-43.96226,2.8E-05,3,7,54,23,NAN,0,51360,,PSR,,0.53269880337,1.3E-10,3.014E-15,6E-18,42,1,1.42,1.424,1280000000000,NAN
J1405-4656,211.339273,3.3E-06,-46.933975,2.8E-06,-44,6,20,10,NAN,0,55692.7,,PSR,,0.00760220343251,1E-14,2.79E-20,4E-22,13.884,0.003,0.67,0.669,466000000,NAN
J1411+2551,212.828608,1.3E-05,25.852331,1.9E-05,-3,12,-4,9,NAN,0,57617,,PSR,,0.06245289551759,2E-15,9.56E-20,5.1E-21,12.3737,0.0003,1.13,1.131,2470000000,NAN
J1417-4402,214.3775,0.00038,-44.0493,0.00025,-4.7,0.1,-5.1,0.87,0.221,0.071,57022,,Binary PSR,,0.002664216,4E-10,NAN,0,55,0.03,4.4,2.163,NAN,GRS:3FGL_J1417.5-4402[aaa+15]
J1421-4409,215.3373525,1.3E-06,-44.1512614,1.1E-06,-10,8,3,2,NAN,0,57600,,PSR,,0.00638572883816,3E-14,1.27E-20,4E-22,54.635,0.004,2.08,2.085,288000000,NAN
J1430-6623,217.669729,8.3E-06,-66.384875,2.8E-06,-31,5,-21,3,NAN,0,57600,,PSR,,0.7854433453623,7E-13,2.77752E-15,5E-20,65.3,0.1,1.33,1.33,1490000000000,NAN
J1431-4715,217.9359071,8.3E-07,-47.2576594,1.1E-06,-12.01,0.33,14.51,0.26,0.64,0.16,55756.1,,Binary PSR,,0.002011953442533,9E-16,1.411E-20,3E-23,59.35,0.01,1.56,1.822,170000000,NAN
J1446-4701,221.64880796,8.3E-08,-47.02410208,1.1E-07,-4,0.2,-2,0.3,NAN,0,55647.8,,PSR,,0.00219469577985,7E-17,9.8102E-21,2E-24,55.83202,0.00014,1.57,1.569,148000000,GRS:2FGL_J1446.8-4701[naa+12]
J1453-6413,223.3861,2.5E-05,-64.221111,1.4E-05,-16,1,-21.3,0.8,NAN,0,55433,,PSR,,0.179486804423,3E-12,2.74416E-15,5E-20,71.248,0.002,2.8,1.435,710000000000,NAN
J1455-3330,223.94987567,9E-08,-33.51288498,1.9E-07,7.91,0.04,-1.9,0.09,0.9,0.2,55293,Perera+ 2019,PSR,,0.007987204806104,4E-17,2.43043E-20,5E-25,13.5698,0.0003,1.01,0.684,446000000,NAN
J1456-6843,223.999679,1.3E-05,-68.727639,5.6E-06,-39.5,0.4,-12.3,0.3,2.2,0.3,57600,,PSR,,0.2633769071818,5E-13,9.895E-17,3E-20,8.639,0.007,0.43,0.438,163000000000,NAN
J1502-6752,225.577562,8.3E-06,-67.871322,5E-06,-6,9,-14,16,NAN,0,55421.2,,PSR,,0.026744423767,6E-14,3.145E-19,1.4E-21,151.2,1.8,7.73,7.73,2930000000,NAN
J1509+5531,227.3567908,4.2E-07,55.525665,5.6E-07,-73.64,0.05,-62.65,0.09,0.47,0.03,52275,,PSR,,0.739681922904,4E-12,4.99821E-15,4E-20,19.6191,0.0003,2.1,2.074,1950000000000,NAN
J1514-4946,228.5796421,4.2E-07,-49.7709767,1.4E-06,-0.3,3.2,-30,66,NAN,0,55520,,PSR,,0.003589336679675,7E-16,1.8646E-20,1.1E-23,31.05,0.02,0.91,0.909,262000000,GRS:3FGL_J1514.2-4947[aaa+15]
J1518+0204C,229.63662039,8.8E-08,2.0799487,2.2E-07,4.67,0.14,-8.24,0.36,NAN,0,52850,,PSR,,0.002483927570246,6E-16,2.6069E-20,1.3E-24,29.3146,0.0006,8,6.616,258000000,GC:M5
J1518+4904,229.56999618,6.7E-08,49.07618089,4.4E-08,-0.67,0.04,-8.53,0.04,NAN,0,52000,,PSR,,0.040934988908333,6E-16,2.719E-20,3E-24,11.61139,8E-05,0.96,0.964,1070000000,NAN
J1527-3931,231.99512,3.8E-05,-39.52617,5.6E-05,-33,37,-12,111,NAN,0,54217,S.J.Dang+ 2020,PSR,CT,2.41760539442,1.2E-10,1.9083E-14,1.2E-17,49,3,1.71,1.708,6870000000000,NAN
J1532+2745,233.0431858,4.2E-07,27.7637842,2.8E-07,1.542,0.104,18.932,0.111,0.624,0.064,49666,Deller+ 2019,PSR,,1.124835742767,7E-12,7.7956E-16,6E-20,14.691,0.016,1.69,1.321,948000000000,NAN
J1534-5334,233.53449,2.5E-05,-53.57213,2.2E-05,-27,10,-12,10,NAN,0,57600,,PSR,,1.368882242545,6E-12,1.4288E-15,4E-19,24.82,0.01,0.81,0.81,1420000000000,NAN
J1537+1155,234.291507208,1.3E-08,11.932064964,1.7E-08,1.482,0.007,-25.285,0.012,0.86,0.18,52077,,PSR,,0.037904441178305,1.6E-16,2.422494E-18,3E-24,11.61944,2E-05,1.05,0.877,9700000000,XRS:[kpg06b]
J1539-5626,234.8086,0.00075,-56.44064,5.6E-05,49,13,-36,16,NAN,0,55408,,PSR,,0.243395150846,1.1E-11,4.847844E-15,1.2E-20,175.85,0.03,3.54,3.536,1100000000000,NAN
J1543-0620,235.8755721,4.2E-07,-6.3459256,5.6E-07,-16.774,0.044,-0.312,0.131,0.322,0.036,49423,Deller+ 2019,PSR,,0.709064069786,4E-12,8.7954E-16,4E-20,18.3774,0.0009,3.23,1.121,799000000000,NAN
J1543+0929,235.9117708,4.2E-07,9.4878719,5.6E-07,-7.61,0.06,-2.87,0.07,0.13,0.02,52275,,PSR,,0.748448416229,6E-12,4.3248E-16,4E-20,34.9758,0.0016,5.9,5.9,576000000000,NAN
J1543-5149,235.9339575,8.3E-07,-51.8318569,5.6E-07,-4.3,1.4,-4,2,NAN,0,55522,,PSR,,0.002056960392416,6E-16,1.6159E-20,1.3E-23,50.93,0.14,1.15,1.148,184000000,GRS:[nbb+14]
J1550-5418,237.725516,2.7E-06,-54.3066984,5.6E-07,4.8,0.5,-7.9,0.3,NAN,0,54795,,MAG,,2.06983302,4E-08,2.318E-11,5E-14,830,50,4,6.291,222000000000000,XRS:1E_1547.0-5408[gg07]
J1552-4937,238.0552954,1.7E-06,-49.630484,3.1E-06,-3,3,-13,8,NAN,0,54033,,PSR,,0.006284311381417,1.2E-15,1.9E-20,4E-23,114.19,0.08,3.06,3.06,350000000,NAN
J1557-4258,239.251075,3.8E-06,-42.970183,5.6E-06,-3,1,10,2,NAN,0,48017,,PSR,,0.329186857758,2E-12,3.3012E-16,2E-20,144.497,0.002,8.63,8.63,334000000000,NAN
J1559-4438,239.92302552,3.3E-08,-44.646083827,9.7E-09,1.52,0.14,13.15,0.05,0.384,0.081,54100,,PSR,,0.2570560976508,1.1E-12,1.01916E-15,8E-20,56.1,0.4,2.3,1.48,518000000000,NAN
J1600-3053,240.216262747,9.7E-09,-30.89705476,2.9E-08,-0.97,0.01,-7.04,0.05,0.5,0.06,55885,Perera+ 2019,PSR,,0.003597928455005,8E-18,9.50006E-21,7E-26,52.3299,0.0002,2,2.535,187000000,GRS:2FGL_J1600.7-3053[naa+12]
J1600-5044,240.220896,8.3E-06,-50.73925,1.1E-05,-5,2,-13,2,NAN,0,57600,,PSR,,0.1926048997686,4E-13,5.06191E-15,4E-20,262.791,0.004,6.9,5.133,999000000000,NAN
1603-2531,240.770105,2.5E-06,-25.52997,0.00011,-34,4,22,18,NAN,0,50719,S.J.Dang+ 2020,PSR,CT,0.283070376692,1.3E-11,1.59223E-15,1.1E-19,53.763,0.004,3.41,3.412,679000000000,NAN
J1603-7202,240.89865629,1.7E-07,-72.04242496,5.3E-08,-2.47,0.03,-7.36,0.04,1.1,0.8,54500,Perera+ 2019,PSR,,0.014841952251082,7E-16,1.563E-20,3E-24,38.0471,0.0001,0.53,1.129,487000000,NAN
J1604-4909,241.095733,8.3E-06,-49.166106,8.3E-06,-12,3,9,5,NAN,0,57600,,PSR,,0.3274185215591,1.1E-12,1.0187E-15,3E-19,140.8,0.5,3.22,3.225,584000000000,NAN
J1605+3249,241.32717,0.00012,32.82167,8.3E-05,-25,16,142,15,NAN,0,52111,,XDINS,,6.88,0,NAN,0,NAN,0,NAN,NAN,NAN,XRS:RX_J1605.3+3249
J1607-0032,241.8002492,8.3E-07,-0.5448686,5.6E-07,-26.437,0.063,-27.505,0.211,0.934,0.036,46973,Deller+ 2019,PSR,,0.42181623358258,1.3E-13,3.060926E-16,6E-22,10.6823,0.0001,1.09,0.68,364000000000,NAN
J1614+0737,243.67044,3.8E-05,7.62528,6.9E-05,-5,12,58,23,NAN,0,54192,S.J.Dang+ 2020,PSR,CT,1.206801436397,5E-12,2.35957E-15,3E-20,21.3949,0.0003,1.63,1.626,1710000000000,NAN
J1614-2230,243.65211392,7.7E-08,-22.5086863,3.9E-07,3.6,0.2,-33,1,1.46,0.09,56047,Perera+ 2019,PSR,,0.003150807655461,4E-18,9.62419E-21,1E-25,34.9179,0.0003,0.7,1.431,176000000,GRS:2FGL_J1614.5-2230[naa+12]
J1622-0315,245.7484521,1.3E-06,-3.2603689,1.9E-06,-15.4,1.7,37.5,5.1,NAN,0,56769,,PSR,,0.003845429067931,3E-15,1.16E-20,1E-22,21.4,0,1.14,1.141,214000000,GRS:3FGL_J1622.9-0312[san16]
J1622-6617,245.5152837,1.7E-06,-66.2880494,1.7E-06,-3,2,6,4,NAN,0,55253.1,,PSR,,0.023623444739392,1.2E-14,5.88E-20,3E-22,88.024,0.009,4.05,4.047,1190000000,NAN
J1623-0908,245.8235829,4.2E-07,-9.1468703,5.6E-07,-10.769,0.126,23.509,0.118,0.586,0.101,48715,Deller+ 2019,PSR,,1.2764458195155,1.7E-12,2.580711E-15,1E-20,68.183,0.01,1.67,1.67,1840000000000,NAN
J1623-2631,245.9092575,8.3E-07,-26.5316025,5.6E-07,-13.4,1,-25,5,NAN,0,48725,,PSR,,0.011075750914203,1.8E-15,6.7093E-19,4E-23,62.8633,0.0005,1.8,3.651,2760000000,GC:M4
J1628-3205,247.02917,0,-32.09692,0,-6.4,1,-19.81,0.82,1.2,0.56,57205.875,Jennings+ 2018,Binary PSR,,0.00321,0,NAN,0,42.1,0,1.22,1.225,NAN,GRS:2FGL_J1628.3-3206[naa+12]
J1630+3734,247.6519455,2.9E-07,37.5783603,2.8E-07,2.4,3.5,-15.9,3.4,NAN,0,56136,,PSR,,0.003318112129394,9E-16,1.077E-20,9E-23,14.18009,7E-05,1.19,1.187,191000000,GRS:3FGL_J1630.2+3733[san16]
J1640+2224,250.069771123,1.6E-08,22.402451127,2E-08,2.08,0.01,-11.34,0.02,0.6,0.4,55366,Perera+ 2019,PSR,,0.003163315818802,2E-18,2.81727E-21,6E-26,18.462,0.008,1.52,1.507,95500000,GRS:[hsg+14]
J1641+8049,250.3368257,1.4E-06,80.8313651,2.1E-07,-11,1,37,3,NAN,0,56425,,PSR,,0.002021179384682,9E-17,8.95E-21,9E-23,31.0896,3E-05,3.04,3.035,136000000,OPT:[lsk+18]
J1643-1224,250.90900773,1E-07,-12.4162991,5E-07,6.03,0.03,4.1,0.1,0.9,0.3,55330,Perera+ 2019,PSR,,0.004621641524936,2E-16,1.84617E-20,1.1E-24,62.4143,0,0.74,0.791,296000000,NAN
J1645-0317,251.2585025,4.2E-07,-3.2993942,5.6E-07,-1.011,0.027,20.523,0.176,0.252,0.235,46515,Deller+ 2019,PSR,,0.387689698034,7E-12,1.780431E-15,1.7E-20,35.7555,0.0008,3.85,1.326,841000000000,NAN
J1650-1654,252.613206,2.9E-06,-16.911745,5.6E-06,-15.07,0.05,-6.55,0.14,NAN,0,50862,,PSR,,1.7495517461,4E-11,3.2027E-15,4E-19,43.25,0.15,1.06,1.055,2400000000000,NAN
J1658-5324,254.6639316,3.8E-07,-53.4019453,2.8E-07,0.2,0.8,4.9,0.23,NAN,0,55520,,PSR,,0.002439295909796,3E-16,1.1154E-20,4E-24,30.81,0.03,0.88,0.88,167000000,GRS:3FGL_J1658.4-5323[aaa+15]
J1703-1846,255.9628813,8.3E-07,-18.7707903,1.7E-06,-0.73,0.08,16.92,0.19,0.35,0.05,49905,,PSR,,0.8043410792712,1.2E-12,1.731E-15,1E-20,49.551,0.015,2.86,1.686,1190000000000,NAN
J1705-1906,256.400416,1.3E-05,-19.11073,0.00011,-77,2,-52,17,NAN,0,48733,,PSR,,0.2989874273426,1.7E-12,4.137877E-15,1E-20,22.907,0.003,0.75,0.747,1130000000000,GRS:[hsg+14]
J1708-3426,257.24079,4.2E-05,-34.44556,0.00017,-31,9,123,45,NAN,0,54565,S.J.Dang+ 2020,PSR,T,0.692,0,NAN,0,188.7,17,NAN,4.724,NAN,NAN
J1708-3506,257.0734256,4.2E-07,-35.1062889,1.1E-06,-5.3,0.8,-2,3,NAN,0,55132.9,,PSR,,0.004505158948459,7E-16,1.1421E-20,1.1E-23,146.732,0.002,3.32,3.32,230000000,NAN
J1709-1640,257.360172,6.3E-06,-16.6827,4.4E-05,-2,1,47,10,NAN,0,46993,,PSR,,0.65305397126,4E-11,6.30985E-15,1.3E-19,24.891,0.001,0.56,0.562,2050000000000,NAN
J1709+2313,257.27413,2.5E-05,23.224403,2.8E-06,-3.2,0.7,-9.7,0.9,NAN,0,51145,,PSR,,0.004631196277841,2E-16,3.63E-21,4E-23,25.3474,0.0002,2.18,2.179,131000000,NAN
J1710+4923,257.51850454,9.7E-08,49.38652178,6.9E-08,-50.4,0.2,-44.7,0.2,NAN,0,56850,,PSR,,0.003220228398564,5E-17,1.8211E-20,3E-24,7.08493,2E-05,0.51,0.506,245000000,NAN
J1713+0747,258.456383442,4.2E-09,7.793751708,8.3E-09,4.924,0.001,-3.913,0.002,0.83,0.02,55391,Perera+ 2019,PSR,,0.004570136527582,1.7E-17,8.52969E-21,1.3E-25,15.917,0.016,1.22,0.915,200000000,GRS:2FGL_J1714.0+0751[naa+12]
J1719-1438,259.7919705,2.1E-07,-14.633595,1.1E-06,1.9,0.4,-11,2,NAN,0,55235.5,,PSR,,0.005790151770024,5E-16,8.043E-21,7E-24,36.862,0.004,0.34,0.341,218000000,NAN
J1720-0212,260.23862,4.6E-05,-2.20664,0.00014,-1,4,-26,5,NAN,0,49429,,PSR,,0.477715343692,3E-12,8.2798E-17,1.9E-20,66.98,0.04,2.36,2.357,201000000000,NAN
J1721-2457,260.2729079,1.3E-06,-24.951714,1.4E-05,2,1,-26,14,NAN,0,55000,Perera+ 2019,PSR,,0.0034966337827,1.9E-16,5.542E-21,7E-24,47.758,0.019,1.37,1.365,141000000,NAN
J1722-3207,260.512329,8.3E-06,-32.12925,5.6E-05,-1,5,-40,27,NAN,0,57600,,PSR,,0.4771579477894,1.6E-12,6.452E-16,1.4E-19,126.064,0.008,2.93,2.928,561000000000,NAN
J1722-3632,260.5409,3.3E-05,-36.54814,0.00014,-19,7,-110,34,NAN,0,53882,S.J.Dang+ 2020,PSR,CT,NAN,0,NAN,0,416.2,0.2,NAN,3.992,NAN,NAN
J1723-2837,260.846607,3.3E-06,-28.63255,3.1E-05,-11.713,0.082,-23.99,0.062,1.077,0.054,55667,Jennings+ 2018 ,Binary PSR,,0.001855732795729,1.1E-14,7.5E-21,5E-22,19.688,0.013,0.93,0.72,120000000,OPT:2MASS_J17232318-2837571[cls+13]
J1727-2946,261.8128955,7.1E-07,-29.776888,4.7E-06,0.6,0.9,0,8,NAN,0,54723,,PSR,,0.027083183244007,1.2E-15,2.4632E-19,3E-23,60.74,0.03,1.88,1.882,2610000000,NAN
J1730-2304,262.590276,3.3E-07,-23.075331,5.6E-06,20.2,0.3,-1,6,1.7,0.2,54500,Perera+ 2019,PSR,,0.008122798046077,4E-17,2.01844E-20,3E-25,9.61634,0,0.62,0.512,410000000,XRS:[pb15]
J1731-1847,262.82337426,7.1E-08,-18.7924072,8.3E-07,-1.7,0.3,-6,3,NAN,0,55215.1,,PSR,,0.002344559546886,1.1E-16,2.5407E-20,5E-24,106.4711,0.0006,4.78,4.782,247000000,XRS:[pb15]
J1731-4744,262.92567,2.1E-05,-47.743406,1.7E-05,73,15,-132,14,NAN,0,53000,,PSR,,0.82982878524,5E-11,1.63626E-13,4E-18,123.056,0.004,0.7,5.54,11800000000000,SNR:G343.0-6.0(RCW114)[skz+19]
J1732-5049,263.19902805,7.9E-08,-50.81671992,1.1E-07,-0.37,0.08,-9.9,0.2,NAN,0,54500,Perera+ 2019,PSR,,0.00531255029055,1.2E-16,1.41951E-20,1.7E-24,56.8365,0,1.87,1.875,278000000,GRS:[hsg+14]
J1733-3716,263.3615,8.3E-06,-37.282,2.8E-05,4,9,63,34,NAN,0,55359,,PSR,,0.337594902132,5E-12,1.504396E-14,1.1E-19,153.18,0.08,3.15,3.15,2280000000000,NAN
J1735-0724,263.7707208,4.2E-07,-7.4144806,2.8E-07,0.82,0.06,20.63,0.06,0.15,0.04,49887,,PSR,,0.4193349661853,1.1E-12,1.214735E-15,9E-21,73.512,0.004,6.67,0.213,722000000000,NAN
J1738+0333,264.724866814,1.8E-08,3.55302314,5E-08,7.12,0.04,5,0.1,0.68,0.05,56258,Perera+ 2019,PSR,,0.005850095859776,1.1E-18,2.411992E-20,1.4E-25,33.77312,4E-05,1.47,1.506,380000000,OPT:[avk+12]
J1739-2903,264.892883,8.3E-06,-29.05061,5.6E-05,10,4,84,41,NAN,0,54598,S.J.Dang+ 2020,PSR,CT,0.322886477381,6E-12,7.8749E-15,8E-20,138.55,0.02,2.91,2.911,1610000000000,NAN
J1740+1311,265.030606,5E-06,13.199081,8.3E-06,-22,2,-20,2,NAN,0,48262,,PSR,,0.803050264794,4E-12,1.45132E-15,1.2E-20,48.66823,0.00043,4.18,4.176,1090000000000,NAN
J1741-0840,265.3440121,4.2E-07,-8.6754753,2.8E-07,0.41,0.1,6.9,0.09,0.28,0.05,48714,,PSR,,2.043082458401,6E-12,2.27471E-15,5E-20,74.9,0.05,3.57,0.222,2180000000000,NAN
J1741+1351,265.379769744,7.4E-09,13.862254413,1E-08,-8.96,0.03,-7.57,0.04,0.5,0.2,56209,Perera+ 2019,PSR,,0.00374715450026,8E-18,3.021648E-20,1.5E-25,24.19871,0.00014,1.08,1.362,341000000,OPT:[zkk+19]
J1741-2054,265.48867,8.3E-05,-20.90328,8.3E-05,-63,12,-89,9,NAN,0,54933,,PSR,,0.41370012084,1.8E-10,1.6983E-14,6E-18,4.7,0.1,0.3,0.273,2680000000000,GRS:2FGL_J1741.9-2054[naa+12]
J1741-3927,265.32533,2.1E-05,-39.46061,5.6E-05,20,15,-6,59,NAN,0,57600,,PSR,,0.51221235513,6E-12,1.7122E-15,3E-19,158.5,0.6,4.62,4.624,948000000000,NAN
J1743-3150,265.90296,3.3E-05,-31.8396,0.00025,-11,17,-136,131,NAN,0,50241,S.J.Dang+ 2020,PSR,CT,2.41457551997,6E-11,1.207753E-13,6E-19,193.05,0.07,3.33,3.332,17300000000000,NAN
J1744-1134,266.122524121,4.6E-09,-11.58185591,2.2E-08,18.797,0.004,-9.41,0.02,2.44,0.05,54500,Perera+ 2019,PSR,,0.004074545941439,7E-18,8.93471E-21,5E-26,3.13695,0,0.4,0.148,193000000,GRS:2FGL_J1744.6-1135[naa+12]
J1744-7619,266.002033,8.3E-06,-76.320753,2.5E-06,-21,3,-7,3,NAN,0,55716,,Gamma-/X-ray PSR,,0.004687524094895,1.1E-15,9.679E-21,1.8E-23,NAN,0,NAN,NAN,216000000,GRS:3FGL_J1744.1-7619[aaa+15]
J1745-0952,266.2880617,8.3E-07,-9.877689,4.2E-06,-21.2,1.1,11,5,NAN,0,53200,,PSR,,0.019376303441129,1.9E-15,9.246E-20,5E-23,64.474,0.014,0.23,0.226,1350000000,NAN
J1745+1017,266.390988,2.9E-06,10.2979231,5.6E-07,6,1,-5,1,NAN,0,55400,,PSR,,0.00265212967109,4E-16,2.729E-21,1.5E-23,23.97,0.002,1.21,1.214,86100000,GRS:2FGL_J1745.6+1015
J1745-2900,266.417359,3.3E-06,-29.008304,2.8E-06,2.45,0.32,5.89,0.11,NAN,0,56899,,MAG,,3.76373308,1.7E-08,1.756E-11,3E-14,1778,3,8.3,8.289,260000000000000,AXP:SGR_J1745-29[kbk+13]
J1745-3040,266.48465,5E-05,-30.673,0.00031,15,1,47,7,NAN,0,55276,,PSR,,0.3674337248626,1.1E-12,1.067181E-14,6E-20,88.373,0.004,0.2,2.343,2000000000000,NAN
J1747-4036,266.95298545,1.3E-07,-40.6152193,4E-07,-0.2,0.8,-5,1,0.4,0.7,56676,Perera+ 2019,PSR,,0.001645609614493,1.1E-16,1.3142E-20,5E-24,152.9595,0.0005,7.15,7.151,149000000,GRS:3FGL_J1747.6-4037[aaa+15]
J1751-2857,267.88622165,7.1E-08,-28.9629222,8.3E-07,-7.4,0.1,-4,1,NAN,0,55000,Perera+ 2019,PSR,,0.003914873259435,3E-15,1.121E-20,3E-23,42.84,0.03,1.09,1.089,212000000,NAN
J1751-4657,267.925817,8.3E-06,-46.957369,1.4E-05,-13,5,-59,7,NAN,0,57600,,PSR,,0.7423536034383,6E-13,1.29787E-15,6E-20,20.4,0.4,0.74,0.739,993000000000,NAN
J1752-2806,268.24454,7.1E-06,-28.11036,8.3E-05,-4,6,-5,5,NAN,0,46483,,PSR,,0.56255763553,3E-11,8.12913E-15,1E-19,50.372,0.008,0.2,1.335,2160000000000,NAN
J1754+5201,268.595445,4.2E-07,52.0200678,2.8E-07,-3.95,0.05,1.11,0.07,0.16,0.03,49666,,PSR,,2.39139679486,3E-11,1.5641E-15,3E-19,35.0096,0.0064,6.25,4.173,1960000000000,NAN
J1756-2251,269.19430755,6.2E-08,-22.866486,5.6E-06,-2.42,0.08,0,20,1.05,0.55,53563,,PSR,,0.028461589025998,5E-16,1.017502E-18,3E-24,121.196,0.005,0.73,2.807,5450000000,NAN
J1801-1417,270.46280555,7.9E-08,-14.2929239,5.6E-07,-10.89,0.12,-3,1,NAN,0,55000,,PSR,,0.003625096717167,1.7E-15,5.3E-21,3E-23,57.26,0.04,1.1,1.105,140000000,NAN
J1801-2451,270.25007,3.3E-05,-24.85764,5.6E-05,-11,9,-1,15,NAN,0,53348,,PSR,,0.124924206569,8E-12,1.279057E-13,5E-19,291.55,0.05,3.8,3.803,4040000000000,SNR:G5.4-1.2[fk91]
J1801-3210,270.3578733,8.3E-07,-32.181587,4.7E-06,-8,2,-11,10,NAN,0,55001.9,,PSR,,0.007453584373467,3E-15,-4.4E-23,3.9E-23,177.713,0.004,6.11,6.111,NAN,NAN
J1802-2124,270.52223157,3.7E-08,-21.4010136,8.3E-07,-1.1,0.1,-4,4,1.2,0.7,53453,Perera+ 2019,PSR,,0.012647593586523,4E-16,7.256E-20,3E-23,149.6258,0.0006,0.76,3.026,969000000,NAN
J1803-2137,270.96421,4.2E-06,-21.618709,2.8E-06,11.6,1.8,14.8,2.3,NAN,0,51544,,PSR,,0.13366692025028,1.7E-13,1.34359375E-13,1.7E-20,233.99,0.05,4.4,3.422,4290000000000,SNR:G8.7-0.1(?)[kw90]
J1804-2717,271.08805453,7.9E-08,-27.2920375,1.1E-06,2.6,0.2,-18,2,NAN,0,55000,Perera+ 2019,PSR,,0.009343030844543,4E-15,4.085E-20,5E-23,24.674,0.005,0.8,0.805,625000000,NAN
J1807-0847,271.9084475,1.7E-06,-8.795353,5.6E-06,-5,4,1,4,NAN,0,48244,,PSR,,0.16372737166367,9E-14,2.87993E-17,4E-22,112.3802,0.0011,1.5,2.7,69500000000,NAN
J1808-2024,272.163904,1.7E-05,-20.411069,1.7E-05,-4.5,1.4,-6.9,2,NAN,0,53254,,MAG,,7.55592,5E-05,5.49E-10,9E-12,NAN,0,13,13,2060000000000000,SNR:G10.0-0.3(?)
J1809-1917,272.429733,8.3E-06,-19.29392,0.00014,-19,6,50,90,NAN,0,55366,,PSR,,0.082755269706,6E-12,2.553016E-14,1.4E-19,197.1,0.4,3.27,3.268,1470000000000,XRS:PWN[kp07]
J1809-1943,272.4628623,1.3E-06,-19.7310921,1.1E-06,-6.6,0.06,-11.7,1,NAN,0,55444,,MAG,,5.540742829,2E-08,2.8281E-12,1.1E-15,178,5,3.6,3.153,127000000000000,XRS:XTE_J1810-197
J1809-2332,272.45937,0.00012,-23.53963,2.8E-05,12,8,-24,6,NAN,0,55770,,Gamma-/X-ray PSR,,0.146788548116,7E-12,3.44207E-14,3E-19,NAN,0,0.88,0.88,2270000000000,GRS:2FGL_J1809.8-2332[naa+12]
J1810+1744,272.65533,4.2E-05,17.743717,1.9E-05,6.4,1.7,-7.2,2,1.05,0.69,57205.875,Jennings+ 2018,Binary PSR,,0.00166,0,NAN,0,39.7,0,2.36,2.361,NAN,OPT:[bvr+13]
J1810-2005,272.7458,2.5E-06,-20.08563,3.9E-05,0,2,17,37,NAN,0,53200,,PSR,,0.032822244860022,8E-15,1.4742E-19,1.2E-22,241,0.3,3.51,3.514,2230000000,NAN
J1811-2405,272.83272521,7.9E-08,-24.088451,2.8E-06,0.65,0.14,-9.1,5.2,0.2,0.2,55208.5,,PSR,,0.002660593316839,7E-17,1.33774E-20,1.5E-24,60.6005,0.0017,1.83,1.83,191000000,GRS:[nbb+14]
J1813-2621,273.4191319,4.2E-07,-26.365849,5E-06,-7.3,0.9,-22,16,NAN,0,54058,,PSR,,0.004430011628634,1.8E-15,1.2466E-20,6E-24,112.524,0.009,3.01,3.013,238000000,NAN
J1816+4510,274.1497265,2.9E-07,45.1760727,2.2E-07,-0.17,0.29,-4.42,0.33,0.22,0.15,57205.875,Jennings+ 2018,Binary PSR,,0.003193103553851,2E-16,4.31E-20,1E-23,38.8874,0.0004,4.36,4.356,375000000,GRS:1FGL_J1816.7+4509[aaa+10g]
J1817-3618,274.2744,3.8E-05,-36.30128,8.3E-05,19,5,-16,17,NAN,0,57600,,PSR,,0.3870193974544,1.5E-12,2.02298E-15,1.5E-19,94.3,0.5,4.4,4.399,895000000000,NAN
J1820-0427,275.2191392,4.2E-07,-4.4604756,5.6E-07,-7.31,0.07,15.89,0.08,0.35,0.05,57600,,PSR,,0.598081935375,4E-12,6.32528E-15,1.1E-19,84.435,0.017,2.86,2.918,1970000000000,NAN
J1820-1346,275.08233,5.2E-05,-13.7709,0.0003,-17,16,21,95,NAN,0,54607,S.J.Dang+ 2020,PSR,CT,0.921459731325,5E-12,4.49522E-15,4E-20,776.7,1.7,5.9,5.902,2060000000000,NAN
J1823+0550,275.879055,4.6E-06,5.840086,1.1E-05,5,11,-2,4,NAN,0,48713,,PSR,,0.7529065430494,1E-12,2.26734E-16,9E-21,66.775,0.003,2,3.088,418000000000,NAN
J1823-3021A,275.9186959,1.5E-06,-30.361146,1.2E-05,0.31,0.24,-8.2,1.7,NAN,0,55049,,PSR,,0.005440004163273,3.1E-15,3.375E-18,2E-21,86.8797,0.0056,12.1,3.145,4340000000,GC:NGC6624
J1823-3106,275.944952,4.8E-06,-31.11382,3E-05,18,4,27,18,NAN,0,50093,,PSR,,0.284054344967,5E-12,2.92704E-15,4E-20,50.245,0.004,1.59,1.586,923000000000,NAN
J1824-1945,276.0023,0.00075,-19.7676,8.9E-05,12.2,1,10,14,NAN,0,55291,,PSR,,0.18933744109123,1.1E-13,5.23563E-15,1.8E-19,224.38,0.06,3.7,5.599,1010000000000,NAN
J1824-2452A,276.13336617,1.3E-07,-24.869676,2.2E-06,-0.2,0.2,-6,4,NAN,0,54500,Perera+ 2019,PSR,,0.003054315592271,3E-16,1.618836E-18,7E-24,119.892,0,5.5,3.701,2250000000,GC:M28(NGC6626)
J1825-0935,276.377475,8.3E-06,-9.58922,5.6E-05,-13,11,-9,5,NAN,0,57600,,PSR,,0.769020998327,6E-12,5.23554E-14,1.8E-19,19.3833,0.0009,0.3,0.262,6420000000000,XRS:[pb15]
J1825-1446,276.2623,0.00071,-14.7816,0.00019,11.07,0.1,-27.61,0.1,NAN,0,55314,,PSR,,0.27919830909,4E-11,2.26696E-14,5E-19,352.23,0.04,4.44,4.44,2550000000000,NAN
J1826-1334,276.554896,1.3E-05,-13.57967,2.8E-05,23,2.5,-3.9,3.1,NAN,0,52400,,PSR,,0.1014867942076,3E-13,7.5251738E-14,1E-20,231,1,3.61,3.606,2800000000000,GRS:J1825-137[aab+06]
J1829-1751,277.429738,8.5E-06,-17.85108,8E-05,22,13,-150,130,NAN,0,49878,,PSR,,0.307132975823,5E-12,5.55174E-15,5E-20,217.108,0.009,5.94,5.937,1320000000000,NAN
J1832-0827,278.154221,8.3E-06,-8.451,0.00033,-4,4,20,15,NAN,0,55397,,PSR,,0.6473255991879,9E-13,6.389619E-14,1.7E-19,300.869,0.01,5.2,4.046,6510000000000,NAN
J1833-0338,278.4245604,4.2E-07,-3.6511828,2.8E-07,-17.34,0.09,15,0.3,0.4,0.06,57600,,PSR,,0.686732837245,1.5E-12,4.156101E-14,1.5E-19,234.538,0.013,2.5,5.176,5410000000000,NAN
J1835-1020,278.98991,4.2E-06,-10.334583,1.7E-05,25,5,4,21,NAN,0,54369,,PSR,,0.30244958407,1.5E-11,5.91866E-15,1.9E-19,113.7,0.9,2.87,2.874,1350000000000,NAN
J1835-1106,278.8267,0.00021,-11.1045,0.00025,27,46,56,190,NAN,0,55429,,PSR,,0.16591763484,3E-11,2.05892E-14,5E-19,132.679,0.003,3.16,3.159,1870000000000,NAN
J1836-0436,279.215793,6.9E-06,-4.61047,3E-05,-3,2,-1,9,NAN,0,49532,S.J.Dang+ 2020,PSR,CT,0.354236507718,6E-12,1.66095E-15,4E-20,231.5,0.3,4.36,4.358,776000000000,NAN
J1836-1008,279.224691,1.6E-05,-10.13565,7E-05,18,65,12,220,NAN,0,48880,,PSR,,0.56271073614,3E-11,1.179902E-14,1.6E-19,316.98,0.03,5.34,5.343,2610000000000,NAN
J1839-0643,279.79085,5.8E-05,-6.7292,0.00042,4,32,-170,111,NAN,0,54603,S.J.Dang+ 2020,PSR,T,0.449548149848,1.5E-11,3.638E-15,7E-18,497.9,1.6,4.82,4.817,1290000000000,NAN
J1840+5640,280.1855717,4.2E-07,56.6819033,2.8E-07,-31.21,0.03,-29.08,0.06,0.66,0.04,48717,Deller+ 2019,PSR,,1.6528618528869,2E-12,1.494818E-15,1.4E-20,26.77163,0.00017,1.45,2.189,1590000000000,NAN
J1841+0912,280.483166,1.1E-05,9.202043,1.8E-05,-12,5,38,7,NAN,0,48266,,PSR,,0.381319294128,3E-12,1.090344E-15,1.1E-20,49.1579,0.0043,1.66,1.664,652000000000,NAN
J1843-1113,280.92192465,5E-08,-11.22529683,1.9E-07,-1.91,0.06,-3.2,0.2,0.6,0.4,55000,Perera+ 2019,PSR,,0.001845666323209,6E-16,9.554E-21,7E-24,59.964,0.008,1.26,1.706,134000000,GRS:[hsg+14]
J1843-1448,280.7557292,1.3E-06,-14.803503,8.3E-06,10.5,0.19,12,15,NAN,0,53934,,PSR,,0.00547133087551,6E-16,6.209E-21,1.8E-23,114.51,0.07,3.47,3.472,187000000,NAN
J1844+1454,281.228727,4.6E-06,14.903922,8.3E-06,-9,10,45,6,NAN,0,49362,,PSR,,0.37546337852,3E-11,1.8723E-15,3E-19,41.48555,0.00061,1.68,1.683,848000000000,NAN
J1847-0402,281.845175,8.3E-06,-4.03733,2.8E-05,-1,7,8,19,NAN,0,57600,,PSR,,0.597808754148,3E-12,5.169112E-14,1.8E-19,141.979,0.005,3.42,3.419,5630000000000,NAN
J1848-0123,282.09829,6.3E-06,-1.399536,1.4E-05,5,2,-26,6,NAN,0,53868,,PSR,,0.65943205053,3E-11,5.25182E-15,1.4E-19,159.531,0.008,4.4,3.533,1880000000000,NAN
J1853+1303,283.488826273,1.7E-08,13.062236346,2E-08,-1.63,0.02,-2.96,0.04,0.2,0.3,56553,Perera+ 2019,PSR,,0.004091797383379,1.4E-17,8.7161E-21,7E-25,30.56996,8E-05,1.32,1.319,191000000,NAN
J1856-3754,284.1475,0.00067,-37.90994,5.6E-05,326.6,0.5,-61.9,0.4,6.2,0.6,50450,Walter+ 2010,XDINS,,7.05520287,3E-08,2.98E-14,7E-16,NAN,0,0.16,0.16,14700000000000,XRS:RX_J1856.5-3754
J1857+0526,284.31607,3.3E-05,5.44131,0.00014,19,11,-51,20,NAN,0,54619,S.J.Dang+ 2020,PSR,T,0.349951177522,4E-12,6.9311E-15,8E-19,466.4,1.2,12.26,12.257,1580000000000,NAN
J1857+0943,284.401626777,8.8E-09,9.721443293,2E-08,-2.652,0.004,-5.423,0.006,0.9,0.1,55367,Perera+ 2019,PSR,,0.005362100466126,9E-17,1.78395E-20,9E-25,13.314,0.0025,1.2,0.767,313000000,NAN
J1900-2600,285.198258,1.7E-05,-26.01217,0.00014,-19.9,0.3,-47.3,0.9,0.5,0.6,48891,,PSR,,0.6122092044383,7E-13,2.04534E-16,5E-21,37.994,0.005,0.7,1.237,358000000000,NAN
J1901+0331,285.382421,8.3E-06,3.518325,1.9E-05,-7,2,-45,5,NAN,0,54336,,PSR,,0.65545023949,4E-11,7.4593E-15,4E-19,402.08,0.012,7,6.053,2240000000000,NAN
J1901+0716,285.41224,5.4E-05,7.27633,0.00011,23,16,-28,33,NAN,0,54537,S.J.Dang+ 2020,PSR,CT,0.64399866351,4E-11,2.2872E-15,3E-19,252.81,0.07,3.4,7.237,1230000000000,NAN
J1901-0906,285.4708696,1.3E-06,-9.103096,2.8E-06,-7.54,0.04,-18.2,0.2,0.52,0.05,50873,,PSR,,1.781927762343,5E-12,1.63829E-15,5E-20,72.677,0.018,1.92,2.892,1730000000000,NAN
J1902+0556,285.677585,1.5E-05,5.94053,3E-05,-4,5,-1,10,NAN,0,54288,.J.Dang+ 2020,PSR,CT,0.7465773564336,1.7E-12,1.2875167E-14,1.2E-20,177.486,0.013,3.6,4.198,3140000000000,NAN
J1902-5105,285.5118675,3.8E-07,-51.0991582,2.2E-07,-4.8,1.3,-4.4,1.6,NAN,0,55520,,PSR,,0.001742399949906,1.6E-16,9.1993E-21,1.3E-24,36.25,0.01,1.65,1.645,128000000,GRS:3FGL_J1902.0-5107[aaa+15]
J1903+0135,285.874942,4.2E-06,1.594036,1.1E-05,3,7,-13,14,NAN,0,57600,,PSR,,0.729306960746,3E-12,4.025E-15,3E-19,245.167,0.006,3.3,6,1730000000000,NAN
J1903+0327,285.77413839,4.2E-08,3.455335864,1.7E-08,-2.8,0.3,-6.6,0.8,0.3,0.7,55000,Perera+ 2019,PSR,,0.002149912364349,5E-17,1.88208E-20,1E-24,297.5245,0.0006,6.12,6.122,204000000,OPT:[fbw+11]
J1903-7051,285.9116396,1.3E-06,-70.8620725,5.6E-07,-8.8,1.6,-16,2,NAN,0,56526,,PSR,,0.003597898018891,1.1E-15,1.043E-20,6E-23,19.66,0.01,0.93,0.93,196000000,GRS:3FGL_J1903.6-7052[aaa+15]
J1904+0004,286.052992,6.3E-06,0.068136,1.1E-05,8,9,-7,16,NAN,0,54377,,PSR,,0.1395246665887,1.2E-12,1.1805E-16,3E-20,233.61,0.04,6.36,6.364,130000000000,NAN
J1905+0400,286.36780598,6.7E-08,4.00302306,1.7E-07,-3.8,0.18,-7.3,0.4,NAN,0,53700,,PSR,,0.003784404788236,3E-16,4.9052E-21,1.5E-24,25.6923,0.0012,1.06,1.064,138000000,NAN
J1905+0709,286.47343,9E-05,7.15538,0.00017,-1,34,-12,63,NAN,0,49466,.J.Dang+ 2020,PSR,CT,0.6480400543,7E-11,4.9416E-15,6E-19,245.34,0.1,4.98,4.98,1810000000000,NAN
J1906+0454,286.6964154,2.9E-07,4.9025117,5.6E-07,-6,1,-14,3,NAN,0,58100,,PSR,,0.002083278334923,3E-16,2.982E-21,1.4E-23,142.793,0.002,4.09,4.092,79800000,NAN
J1907+0919,286.80971,4.2E-05,9.32225,5.6E-05,0.6,0.2,4.2,0.4,NAN,0,51052,,PSR,,5.198346,3E-06,9.2E-11,4E-12,NAN,0,NAN,NAN,700000000000000,SNR:G42.8+0.6(?)
J1907+4002,286.8944,3.3E-05,40.03492,3.1E-05,11,4,11,1,NAN,0,48713,,PSR,,1.235757452781,3E-12,5.40707E-16,2E-20,30.966,0.014,2.46,2.46,827000000000,NAN
J1909+0007,287.396907,8.3E-06,0.13271,3E-05,5,3,-32,7,NAN,0,48740,,PSR,,1.01694836198,4E-11,5.51856E-15,1.9E-19,112.787,0.006,4.36,4.358,2400000000000,NAN
J1909-3744,287.447644479,4.6E-09,-37.737351872,1.4E-08,-9.513,0.002,-35.777,0.006,0.88,0.01,54500,Perera+ 2019,PSR,,0.002947108069161,3E-18,1.402541E-20,5E-26,10.3932,0,1.14,0.564,206000000,NAN
J1910+1256,287.54042286,2.6E-08,12.94040529,4E-08,0.21,0.03,-7.04,0.05,0.1,0.3,56131,Perera+ 2019,PSR,,0.004983583942347,2E-17,9.6807E-21,5E-25,38.0684,0.0005,1.08,1.496,222000000,NAN
J1910-5959A,287.92814842,1.3E-07,-59.97413969,8.3E-08,-3.08,0.06,-3.97,0.06,NAN,0,51920,,PSR,,0.003266186570791,9E-17,2.94703E-21,1.4E-25,33.6998,0.0016,4.55,1.685,99300000,GC:NGC6752
J1910-5959C,287.7731467,1.7E-06,-60.0165833,1.1E-06,-4.1,1.7,-4.6,2.5,NAN,0,51910,,PSR,,0.005277326932309,1.5E-15,2.16E-21,2E-23,33.21,0.04,1.63,1.627,108000000,GC:NGC6752
J1911-1114,287.95534304,1.3E-07,-11.2395781,8.3E-07,-13.7,0.2,-9.3,0.9,NAN,0,55000,Perera+ 2019,PSR,,0.003625745633114,5E-15,1.395E-20,4E-23,31.02,0.11,1.07,1.07,228000000,XRS:[pb15]
J1911+1347,287.980015092,8.4E-09,13.792877372,1E-08,2.9,0.03,-3.76,0.05,0.4,0.2,56936,Perera+ 2019,PSR,,0.00462596247088,1.3E-17,1.69287E-20,1.3E-24,30.9883,0.0009,1.36,1.365,283000000,NAN
J1912+2104,288.1805796,4.2E-07,21.0760906,2.8E-07,-11.34,0.06,-5.8,0.1,0.02,0.09,48740,Deller+ 2019,PSR,,2.232969028273,8E-12,1.017751E-14,4E-20,88.5961,0.0062,3.37,3.369,4820000000000,NAN
J1913-0440,288.475723,6.7E-06,-4.679911,1.9E-05,7,13,-5,9,NAN,0,46634,,PSR,,0.825935803096,9E-12,4.06801E-15,3E-20,89.385,0.01,4.04,4.041,1850000000000,NAN
J1913+1400,288.3514696,4.2E-07,14.0145997,2.8E-07,-5.28,0.06,-8.94,0.05,0.185,0.03,49910,,PSR,,0.5214727140817,1.7E-12,8.03532E-16,1.4E-20,145.052,0.005,5.26,5.246,655000000000,NAN
J1915+1009,288.874962,1.3E-05,10.162047,1.7E-05,6,2,-17,4,NAN,0,57600,,PSR,,0.40455176744,1.5E-12,1.525768E-14,1.4E-19,241.693,0.01,7,5.99,2510000000000,NAN
J1915+1606,288.86666425,1.3E-07,16.10760744,1.4E-07,-1.23,0.04,-0.83,0.04,NAN,0,52984,,PSR,,0.059030003217813,1.1E-14,8.6183E-18,4E-22,168.77,0.01,5.25,5.247,22800000000,NAN
J1916+0951,289.134769,7.1E-06,9.857216,1.2E-05,-1,2,-11,2,NAN,0,54587,S.J.Dang+ 2020,PSR,CT,0.2702544395645,8E-13,2.518463E-15,6E-21,60.953,0.006,1.9,1.904,835000000000,NAN
J1917+1353,289.4157767,4.2E-07,13.8991881,2.8E-07,-1.25,0.05,3.81,0.06,0.14,0.07,49763,Deller+ 2019,PSR,,0.194630982798,4E-12,7.19782E-15,3E-20,94.538,0.004,5.88,2.94,1200000000000,NAN
J1918-0642,289.700136342,1.1E-08,-6.70969457,4E-08,-7.15,0.02,-5.94,0.05,0.8,0.1,55330,Perera+ 2019,PSR,,0.007645872769642,1E-17,2.569143E-20,1.8E-25,26.46,0.03,1.11,1.024,448000000,NAN
J1918+1444,289.59849,2.6E-05,14.75167,4E-05,78,49,-262,77,NAN,0,49690,S.J.Dang+ 2020,PSR,T,1.1810232973,9E-11,2.123644E-13,9E-19,27.202,0.017,1.3,1.304,16000000000000,NAN
J1919+0021,289.9611312,4.2E-07,0.3610339,5.6E-07,10.11,0.09,-4.7,0.09,0.17,0.04,49427,,PSR,,1.27226037471,3E-11,7.66978E-15,1.7E-19,90.315,0.016,5.88,4.1,3160000000000,NAN
J1921+1929,290.34729458,1.7E-07,19.4895275,2.8E-07,-3.2,0.8,-11,1,NAN,0,58137,,PSR,,0.002646341449469,1.5E-16,3.8196E-20,5E-24,64.7632,0.0009,2.43,2.434,322000000,GRS:3FGL_J1921.6+1934[pkr+19]
J1921+2153,290.436729,8.3E-06,21.883958,1.1E-05,17,4,32,6,NAN,0,48999,,PSR,,1.3373021601895,9E-13,1.348207E-15,8E-21,12.44399,0.00063,0.3,0.807,1360000000000,NAN
J1923+2515,290.843719224,1.6E-08,25.26127552,2.9E-08,-6.69,0.1,-14.7,0.2,-0.3,0.6,56583,Perera+ 2019,PSR,,0.003788155520655,1.5E-17,9.556E-21,8E-25,18.85515,0.00018,1.2,1.201,193000000,NAN
J1926+0431,291.601967,8.3E-06,4.52543,2.2E-05,1,9,-14,16,NAN,0,54606,S.J.Dang+ 2020,PSR,CT,1.074078173597,4E-12,2.45892E-15,3E-20,102.243,0.019,4.99,4.995,1640000000000,NAN
J1932+1059,293.058571,3.3E-06,10.992606,5.6E-06,94.09,0.11,42.99,0.16,2.77,0.07,57600,,PSR,,0.2265187466568,1.1E-12,1.156826E-15,1.6E-20,3.18321,0.00016,0.31,0.229,518000000000,NAN
J1933-6211,293.3851112,2.1E-07,-62.1963544,2.8E-07,-5.54,0.07,10.7,0.2,NAN,0,53000,,PSR,,0.003543431493791,3E-16,3.8707E-21,9E-25,11.52,0.002,0.65,0.65,119000000,NAN
J1935+1616,293.9492746,4.2E-07,16.2777739,5.6E-07,1.13,0.13,-16.09,0.15,0.22,0.12,52275,,PSR,,0.3587384107696,6E-13,6.0025237E-15,1.5E-21,158.521,0.003,3.7,4.314,1480000000000,NAN
J1937+1658,294.3537855,3.3E-07,16.9784869,5.6E-07,-1.8,0.7,-5,1,NAN,0,57516,,PSR,,0.003957667645335,1.6E-16,1.3202E-20,5E-24,105.84,0.001,3.26,3.259,231000000,NAN
J1937+2544,294.2552267,4.2E-07,25.7370656,2.8E-07,-10.04,0.04,-13.06,0.04,0.32,0.03,49703,,PSR,,0.20098020244218,1.7E-13,6.429167E-16,1.3E-21,53.221,0.005,3.12,2.869,364000000000,NAN
J1939+2134,294.910671767,8.3E-09,21.583090472,1.1E-08,0.074,0.002,-0.41,0.003,0.19,0.05,55000,Perera+ 2019,PSR,,0.001557806561085,5E-17,1.051065E-19,3E-25,71.0237,0.0013,3.5,2.896,409000000,NAN
J1941-2602,295.251696,7.5E-06,-26.03493,3.3E-05,12,2,-10,4,NAN,0,50076,,PSR,,0.4028579088754,3E-13,9.561486E-16,1.8E-21,50.036,0.003,3.56,3.564,628000000000,NAN
J1943-1237,295.85617,3.2E-05,-12.62845,0.00014,-1,8,-46,35,NAN,0,54561,S.J.Dang+ 2020,PSR,CT,0.9724288509136,1.8E-12,1.655686E-15,8E-21,28.918,0.015,1.2,1.204,1280000000000,NAN
J1944+0907,296.038878824,1.8E-08,9.12305734,3E-08,14.14,0.08,-22.6,0.2,0.1,0.3,56570,Perera+ 2019,PSR,,0.005185201909339,1.4E-17,1.7336E-20,9E-25,24.3598,0.0005,1.22,1.218,303000000,NAN
J1946+1805,296.72102,2.5E-05,18.09479,3.1E-05,1,5,-9,4,NAN,0,48790,,PSR,,0.4406184769108,8E-13,2.4092E-17,4E-21,16.1356,0.0073,0.3,1.005,104000000000,NAN
J1946-2913,296.71556,3.3E-05,-29.22975,0.00014,19,9,-33,20,NAN,0,48736,,PSR,,0.959447931541,3E-12,1.48834E-15,1.2E-20,44.309,0.015,3.12,3.125,1210000000000,NAN
J1946+3417,296.6047131,8.3E-08,34.28741361,3.9E-08,-7.01,0.23,4.51,0.21,NAN,0,56819,,PSR,,0.003170139178858,9E-17,3.118E-21,4E-24,110.216,0.0003,6.94,6.941,101000000,GRS:[sbc+19]
J1948+3540,297.104195,4.2E-06,35.669738,4.2E-06,-12.6,0.6,0.7,0.6,NAN,0,49449,,PSR,,0.717311174076,4E-12,7.0612E-15,3E-20,129.36748,0.00078,7.65,7.65,2280000000000,NAN
J1949+3106,297.373489418,1.5E-08,31.101057233,1.7E-08,-5,5,-5,7,-1,3,56000,Perera+ 2019,PSR,,0.013138183152165,1.1E-16,9.39235E-20,1.3E-24,164.12669,0.00024,7.47,7.468,1120000000,NAN
J1950+2414,297.68776525,1E-07,24.24915664,1.1E-07,-2.12,0.18,-3.64,0.19,NAN,0,56000,,PSR,,0.004304775483257,7E-16,1.8805E-20,7E-24,142.0842,0.0031,7.27,7.269,288000000,NAN
J1952+2630,298.1535004,4.2E-07,26.5077981,5.6E-07,-6,2,0,3,NAN,0,55813,,PSR,,0.020732360562672,4E-15,4.2721E-18,3E-22,315.338,0.002,10.03,10.033,9520000000,NAN
J1952+3252,298.242525,4.2E-06,32.877919,2.8E-06,-28.8,0.9,-14.7,0.9,NAN,0,52793,,PSR,,0.0395311928548,1.1E-12,5.844803E-15,8E-21,45.006,0.019,3,3.221,486000000000,SNR:CTB80
J1954+2923,298.593975,8.3E-06,29.388136,1.1E-05,25,17,-36,10,NAN,0,48719,,PSR,,0.4266767865302,4E-13,1.711E-18,3E-21,7.932,0.007,0.54,0.536,27300000000,NAN
J1955+2527,298.9974801,2.9E-07,25.4509564,5.6E-07,-1.9,0.6,-2.4,0.8,NAN,0,54800,,PSR,,0.004872765862979,1.7E-15,9.12E-21,1E-22,209.971,0.003,8.18,8.177,213000000,NAN
J1955+2908,298.86614715,4E-08,29.14539896,4.9E-08,-1.03,0.06,-4.17,0.08,-1,1,56568,Perera+ 2019,PSR,,0.006133166515553,6E-17,2.9737E-20,3E-24,104.5159,0.0006,6.3,6.305,432000000,NAN
J1955+5059,298.828182,5.4E-06,50.998692,3.6E-06,-23,5,54,5,NAN,0,48741,,PSR,,0.5189379874091,5E-13,1.372366E-15,4E-21,31.98266,0.00013,2.19,2.186,854000000000,NAN
J1955+6708,298.911529,5.1E-07,67.13753627,2E-07,-3,1,10,2,NAN,0,56600,,PSR,,0.008565406267815,8E-16,1.26E-20,5E-23,57.1478,0.0001,5.3,5.304,332000000,NAN
J1957+2516,299.3942146,1.3E-06,25.2672433,8.3E-07,-5.7,11,-8.9,1.4,0.69,0.86,57205.875,Jennings+ 2018,Binary PSR,,0.003961655342404,1E-15,2.744E-20,9E-23,44.137,0.003,2.66,2.659,334000000,NAN
J1959+2048,299.9032078,2.1E-07,20.80420061,1.7E-07,-16,0.5,-25.8,0.6,NAN,0,48196,,PSR,,0.001607401684806,3E-17,1.68515E-20,9E-25,29.1168,0.0007,1.4,1.73,167000000,XRS:[hb07a]
J2004+3137,301.21786,1.2E-05,31.619448,1.3E-05,-6,2,-6,3,NAN,0,54539,S.J.Dang+ 2020,PSR,CT,2.11126473382,4E-11,7.45504E-14,3E-19,234.82,0.008,8,7.264,12700000000000,NAN
J2006-0807,301.5681875,4.2E-07,-8.1172686,8.3E-07,-6.19,0.05,-10.59,0.15,0.42,0.1,49766,Deller+ 2019,PSR,,0.580871337031,3E-12,4.601E-17,3E-20,32.39,0.03,2.63,1.706,165000000000,NAN
J2010-1323,302.6913379,4.2E-07,-13.3989119,1.1E-06,2.56,0.6,-5.9,0.2,0.2,0.1,56235,Perera+ 2019,PSR,,0.005223271016747,9E-18,4.825E-21,3E-25,22.177,0.005,1.96,1.163,161000000,NAN
J2010+3051,302.5164758,4.2E-07,30.8552478,2.8E-07,-10.3,0.9,-3,1,NAN,0,57949,,PSR,,0.004816274513309,5E-16,4.867E-21,1.7E-23,133.756,0.002,6.45,6.45,155000000,NAN
J2013+3845,303.293196,1.3E-05,38.762031,1.1E-05,-32.1,1.7,-25,2,NAN,0,49718,,PSR,,0.2301936138595,1E-12,8.851045E-15,8E-21,238.217,0.008,7.12,7.123,1440000000000,NAN
J2016+1948,304.2393479,2.5E-07,19.7976634,3.3E-07,1.28,0.26,2.83,0.34,NAN,0,53000,,PSR,,0.064940388241514,6E-15,4.0063E-19,6E-23,33.8148,0.0016,2.16,2.162,5160000000,NAN
J2017+0603,304.3446051,2E-08,6.05154554,3.9E-08,2.4,0.4,-0.5,0.6,0.5,0.2,56682,Perera+ 2019,PSR,,0.002896215816723,1.1E-17,7.9931E-21,7E-25,23.92344,9E-05,1.4,1.399,154000000,GRS:2FGL_J2017.3+0603[naa+12]
J2018+2839,304.515972,3.8E-06,28.665059,4.4E-06,-2.6,0.2,-6.2,0.4,1.03,0.1,46384,,PSR,,0.5579534804225,7E-13,1.481058E-16,1.6E-21,14.1977,0.0006,0.98,0.959,291000000000,NAN
J2019+2425,304.88312083,1.3E-07,24.42091772,1.4E-07,-8.8,0.5,-19.9,0.7,NAN,0,48900,Perera+ 2019,PSR,,0.003934524080331,1.1E-16,7.0237E-21,1.2E-24,17.203,0.005,1.16,1.163,168000000,NAN
J2022+2854,305.654446,2.9E-06,28.906418,3.1E-06,-4.4,0.5,-23.6,0.3,0.37,0.12,49692,,PSR,,0.343402157786,1.3E-12,1.894195E-15,1.3E-20,24.63109,0.00018,2.1,1.706,816000000000,NAN
J2022+5154,305.707804,5E-06,51.913954,3.1E-06,-5.23,0.17,11.5,0.3,0.5,0.07,46640,,PSR,,0.529196917808,1.7E-11,3.06337E-15,5E-20,22.54968,0.00056,1.8,1.418,1290000000000,NAN
J2029+3744,307.34947,4E-05,37.7356,3.8E-05,10,11,-10,13,NAN,0,54150,S.J.Dang+ 2020,PSR,CT,1.21680465774,1.2E-11,1.231961E-14,9E-20,190.66,0.03,5.77,5.771,3920000000000,NAN
J2032+4127,308.054663,8.3E-06,41.45675,2.5E-05,-2.991,0.048,-0.742,0.055,0.693,0.033,55700,,Binary PSR,,0.14324647,1.9E-07,1.13E-14,3E-16,114.67,0.04,1.33,4.624,1290000000000,OPT:MT91_213(Cygnus_OB2)[lsk+15]
J2033+1734,308.36463255,6.3E-08,17.58290832,7.8E-08,-5.9,0.4,-9,0.8,NAN,0,56945,Perera+ 2019,PSR,,0.005948957540329,1.8E-16,1.113E-20,1.5E-23,25.0809,0.0009,1.74,1.74,260000000,NAN
J2042+0246,310.5458453,2.1E-07,2.7706658,5.6E-07,15.1,1.2,-14.1,2.5,NAN,0,56520,,PSR,,0.004533726702328,3E-16,1.403E-20,6E-23,9.2694,0.0002,0.64,0.64,255000000,GRS:3FGL_J2042.1+0247[san16]
J2043+1711,310.83700687,5.9E-09,17.19136336,9.6E-09,-5.76,0.06,-10.8,0.1,0.93,0.1,56573,Perera+ 2019,PSR,,0.00237987892389,3E-18,5.2437E-21,1.2E-25,20.757,0.014,1.56,1.476,113000000,GRS:2FGL_J2043.2+1711[naa+12]
J2045+3633,311.256271,5E-07,36.5503898,2.2E-07,-2.1,1.4,-2.3,0.8,NAN,0,56855,,PSR,,0.031681843248534,1.1E-14,5.883E-19,5E-22,129.5477,0.0017,5.63,5.629,4370000000,NAN
J2046-0421,311.5007208,4.2E-07,-4.3572933,5.6E-07,10.76,0.04,-4.26,0.22,0.16,0.03,48739,,PSR,,1.5469381168652,1.7E-12,1.471483E-15,1.7E-20,35.799,0.01,6.25,3.267,1530000000000,NAN
J2046+1540,311.6639054,4.2E-07,15.6759883,2.8E-07,-10.48,0.06,0.66,0.06,0.31,0.08,48742,,PSR,,1.1382856833155,1.2E-12,1.82318E-16,1.2E-20,39.81796,0.00049,3.23,3.34,461000000000,NAN
J2048-1616,312.14850265,1.7E-07,-16.27904264,4.2E-08,113.16,0.02,-4.6,0.28,1.05,0.03,54100,,PSR,,1.961572303613,1.2E-11,1.095816E-14,4E-20,11.456,0.005,0.95,0.775,4690000000000,NAN
J2051-0827,312.78133237,7.5E-08,-8.460486,2.2E-07,5.63,0.04,2.34,0.28,NAN,0,55655,,PSR,,0.004508641820006,1.1E-16,1.2733E-20,7E-24,20.7299,0.0017,1.47,1.469,242000000,NAN
J2053+1718,313.45617,2.9E-06,17.312406,3.6E-06,-1,2.3,6.9,2.8,NAN,0,53400,,PSR,,0.11926775831844,1.2E-13,2.865E-19,1E-21,26.98,0.005,2.09,2.087,5920000000,NAN
J2053+4650,313.4692835,2.9E-07,46.84769947,1.1E-07,-2.8,0.8,-5.4,0.5,NAN,0,56917.5915,,PSR,,0.01258627531435,1.6E-15,1.7228E-19,1E-22,98.0828,0.0006,3.81,3.81,1490000000,NAN
J2055+2209,313.913133,1.9E-05,22.15756,2.9E-05,10,5,-10,9,NAN,0,54546,S.J.Dang+ 2020,PSR,CT,0.8151811027646,8E-13,1.340139E-15,8E-21,36.34963,0.00029,3,2.998,1060000000000,NAN
J2055+3630,313.8806338,4.2E-07,36.5059636,5.6E-07,1.04,0.04,-2.46,0.13,0.17,0.03,52275,,PSR,,0.221507638277,3E-13,3.691271E-16,2E-21,97.4155,0.0056,5,5.244,289000000000,NAN
J2055+3829,313.792943958,1.7E-08,38.491918253,1.7E-08,5.92,0.03,0.79,0.07,NAN,0,57900,,PSR,,0.002089290302191,3E-17,9.996E-22,5E-25,91.8295,0.0002,4.59,4.588,46200000,NAN
J2108+4441,317.08534,2.5E-05,44.696908,1.7E-05,3.5,1.3,1.4,1.4,NAN,0,48736,,PSR,,0.4148705368737,6E-13,8.621E-17,6E-21,139.827,0.011,4.35,4.346,191000000000,NAN
J2113+2754,318.2681275,4.2E-07,27.9003222,2.8E-07,-27.96,0.03,-54.46,0.07,0.7,0.02,48741,,PSR,,1.2028517540847,1.2E-12,2.622965E-15,9E-21,25.11106,0.00018,1.43,1.869,1800000000000,NAN
J2113+4644,318.3513729,4.2E-07,46.73579,2.8E-07,9.5,0.1,8.84,0.08,0.46,0.07,53915,,PSR,,1.014684793189,5E-12,7.14612E-16,1.2E-20,141.26,0.09,2.17,4.123,862000000000,NAN
J2116+1414,319.0573,1.3E-05,14.239178,1.9E-05,8,15,-11,5,NAN,0,48471,,PSR,,0.4401530669475,1.4E-12,2.89263E-16,1E-20,56.2044,0.0061,25,25,361000000000,NAN
J2124-3358,321.18270572,4.2E-08,-33.979125,8.3E-08,-14.09,0.03,-50.23,0.07,2.6,0.3,54500,Perera+ 2019,PSR,,0.004931114943097,1.5E-16,2.05705E-20,8E-25,4.60096,0,0.41,0.36,322000000,GRS:2FGL_J2124.6-3357[naa+12]
J2129-0429,322.437663,4.2E-06,-4.48489,2.2E-05,12.34,0.15,10.19,0.14,0.424,0.088,55196,,Binary PSR,,0.00762,0,NAN,0,16.9,0,1.83,1.387,NAN,GRS:2FGL_J2129.8-0428[naa+12]
J2129+1210A,322.4926938,1.7E-08,12.16700942,2.8E-08,-0.54,0.14,-4.33,0.25,NAN,0,55146,,PSR,,0.11066470446904,5E-14,-2.10281E-17,2E-22,67.31,0.05,14.2,14.2,NAN,GC:M15
J2129+1210B,322.4943,4.2E-06,12.166753,8.3E-06,1.7,3.3,-1.9,5.9,NAN,0,50000,,PSR,,0.05613303552473,9E-14,9.5406E-18,6E-22,67.69,0.12,14.2,14.2,23400000000,GC:M15
J2129+1210C,322.5050175,4.2E-07,12.1772803,1.1E-06,-1.3,0.5,-3.3,1,NAN,0,50000,,PSR,,0.03052929614864,1E-14,4.98789E-18,2E-23,67.13,0.05,14.2,14.2,12500000000,GC:M15
J2129-5721,322.34486236,5E-08,-57.35394773,3.3E-08,9.25,0.02,-9.61,0.03,0.424,0.088,54500,Perera+ 2019,Binary PSR,,0.003726348483867,3E-17,2.085328E-20,2E-25,31.8509,0,3.2,6.174,282000000,NAN
J2144-3933,326.05025168,1.9E-07,-39.5658014,8.9E-08,-57.89,0.88,-155.9,0.54,6.05,0.56,54100,,PSR,,8.509827491,3E-09,4.96E-16,5E-18,3.35,0.01,0.16,0.289,2080000000000,NAN
J2145-0750,326.460245,4.2E-07,-7.8384761,1.1E-06,-9.58,0.03,-8.87,0.07,1.54,0.1,55000,Perera+ 2019,PSR,,0.016052423919381,1.5E-16,2.9788E-20,3E-24,8.99761,0,0.61,0.693,700000000,NAN
J2149+6329,327.4945971,8.3E-07,63.4956325,5.6E-07,15.81,0.11,11.16,0.19,0.36,0.07,44240,,PSR,,0.38014034472,2E-11,1.681E-16,7E-19,129.7229,0.0055,2.78,3.885,256000000000,NAN
J2150+5247,327.6572912,4.2E-07,52.7970989,2.8E-07,8.4,0.2,-4.5,0.3,0.03,0.12,49693,Deller + 2019,PSR,,0.3322056715409,1.8E-12,1.0105979E-14,1.5E-20,148.93,0.004,3.61,3.61,1850000000000,NAN
J2157+4017,329.2577063,4.2E-07,40.2961072,5.6E-07,16.13,0.1,4.12,0.12,0.28,0.06,52275,,PSR,,1.525265633965,1.2E-11,3.43256E-15,7E-20,71.1239,0.0022,2.9,4.776,2320000000000,NAN
J2204+2700,331.181704,1.3E-05,27.015192,1.1E-05,2,16,-3,3,NAN,0,56805,,PSR,,0.08470261549133,1.5E-13,1.31E-19,3E-21,35.074,0.001,3.2,3.196,3370000000,NAN
J2212+2933,333.0972683,4.2E-07,29.5515031,2.8E-07,-5.53,0.08,-11.34,0.11,0.23,0.09,49686,,PSR,,1.004592528853,4E-12,4.9517E-16,4E-20,74.5213,0.0015,25,25,714000000000,NAN
J2214+3000,333.66188554,4.2E-08,30.01060907,4.7E-08,20.7,0.1,-1.6,0.2,1.1,0.2,56610,Perera+ 2019,PSR,,0.003119226580973,1.6E-17,1.47261E-20,1E-24,22.545,0.0025,0.6,1.673,217000000,OPT:[sh14]
J2215+5135,333.8862017,1.7E-06,51.593428,3.6E-06,0.31,0.54,1.88,0.6,0.28,0.36,57205.875,Jennings+ 2018,Binary PSR,,0.002609619723446,7E-16,3.34E-20,7E-22,69.1951,0.0002,2.77,2.773,299000000,OPT:[bvr+13]
J2219+4754,334.950579,1.3E-05,47.914981,8.3E-06,-12,8,-30,6,NAN,0,46599,,PSR,,0.5384688219194,1.2E-12,2.765209E-15,5E-21,43.4975,0.0005,2.39,2.387,1230000000000,NAN
J2222-0137,335.52487125,2.9E-08,-1.62103456,2.8E-08,44.73,0.02,-5.68,0.06,3.742,0.016,55473,,PSR,,0.032817859054343,4E-16,5.8024E-20,4E-24,3.277,0,0.27,0.267,1400000000,OPT:[blr+13
J2225+6535,336.4702613,1.3E-06,65.5934364,2.8E-07,147.23,0.23,126.5,0.1,1.2,0.2,53880,,PSR,,0.682542497406,1E-11,9.6606E-15,1E-18,36.44362,0.00051,0.9,1.881,2600000000000,XRS:[hb07b]
J2229+2643,337.46201887,7.3E-08,26.73268012,6.1E-08,-1.7,0.1,-5.9,0.1,0.8,0.6,56937,Perera+ 2019,PSR,,0.002977819295709,4E-17,1.516E-21,7E-24,22.7271,0.0006,1.8,1.8,68000000,NAN
J2234+0611,338.596137875,8.3E-09,6.191301758,1.9E-08,25.3,0.02,9.71,0.05,1.03,0.04,56794.09,,PSR,,0.003576581631673,7E-18,1.201419E-20,1.3E-25,10.7645,0.0015,0.97,0.854,210000000,NAN
J2235+1506,338.9320838,4.2E-07,15.1136278,1.4E-06,15,4,10,8,NAN,0,49250,,PSR,,0.059767357984547,9E-15,1.576E-19,7E-22,18.09,0.05,1.54,1.54,3110000000,NAN
J2240+5832,340.178913,1.7E-05,58.543756,1.1E-05,-6.1,0.8,-21,0.4,NAN,0,54000,,PSR,,0.1399345,2E-06,1.5358E-14,3E-18,263.5,0.05,7.27,7.275,1480000000000,NAN
J2241-5236,340.4250771,2.1E-07,-52.61006278,8.3E-08,17.1,0.1,-3.32,0.05,NAN,0,55044.2,,PSR,,0.002186699771553,1.5E-15,6.64E-21,5E-23,11.41151,2E-05,0.75,0.963,122000000,GRS:2FGL_J2241.7-5236[naa+12]
J2248-0101,342.1120246,4.2E-07,-1.0300236,2.8E-07,-10.5,0.07,-17.49,0.19,0.25,0.06,50866,,PSR,,0.477233119123,3E-12,6.5935E-16,3E-20,29.05,0.03,4,4,568000000000,NAN
J2301+5852,345.2845,0.0014,58.87901,0.00017,-6.4,0.6,-2.3,0.6,NAN,0,54852,,PSR,,6.9790709703,1.5E-09,4.7123E-13,4E-17,NAN,0,3.3,3.3,58000000000000,SNR:CTB109
J2302+4442,345.69574318,5.6E-08,44.70613461,4.6E-08,-5,4,-7,5,1,1,56675,Perera+ 2019,PSR,,0.005192324647954,3E-16,1.378E-20,9E-23,13.7279,0.0003,0.86,0.859,271000000,GRS:2FGL_J2302.7+4443[naa+12]
J2305+3100,346.493005,4.2E-07,31.0003558,2.8E-07,-3.7,0.04,-15.63,0.11,0.23,0.03,48714,,PSR,,1.575886338359,8E-12,2.8925E-15,5E-20,49.5845,0.0012,4.35,4.35,2160000000000,NAN
J2308+5547,347.05759,2.1E-05,55.793342,1.1E-05,-15,8,0,27,NAN,0,48717,,PSR,,0.4750676748022,1E-12,1.99491E-16,1E-20,46.53905,0.00037,2.07,2.075,312000000000,NAN
J2313+4253,348.2859204,4.2E-07,42.8869564,5.6E-07,24.15,0.1,5.95,0.13,0.93,0.07,52275,,PSR,,0.3494336821331,5E-13,1.123699E-16,1.9E-21,17.27693,0.00033,1.06,1.108,201000000000,NAN
J2317+1439,349.288485,4.2E-07,14.6586847,2.8E-07,-1.33,0.3,3.51,0.5,0.1,0.1,54977,Perera+ 2019 ,PSR,,0.003445251072221,6E-18,2.43012E-21,5E-26,21.877,0.009,2.16,2.16,92600000,OPT:[dsw+17]
J2317+2149,349.4910079,4.2E-07,21.8300053,2.8E-07,8.49,0.07,0.19,0.14,0.51,0.05,48716,,PSR,,1.444653102317,3E-12,1.047047E-15,1.7E-20,20.86959,0.00031,1.96,1.799,1240000000000,NAN
J2321+6024,350.48006,5.3E-05,60.40853,2.6E-05,-17,22,-7,19,NAN,0,49303,,PSR,,2.256488426824,5E-12,7.03689E-15,4E-20,94.591,0.018,2.7,2.513,4030000000000,NAN
J2322+2057,350.5930632,2.9E-07,20.9507437,3.9E-07,-18.5,0.3,-15.3,0.5,NAN,0,55000,Perera+ 2019,PSR,,0.004808428289464,1.7E-15,9.661E-21,2E-23,13.36,0.04,1.01,1.009,218000000,NAN
J2322-2650,350.6443335,1.3E-07,-26.84953253,1.7E-07,-2.4,0.2,-8.3,0.4,4.4,1.2,56152,,PSR,,0.003463099179088,1.1E-16,5.834E-22,1.5E-24,6.149,0.002,0.23,0.76,45500000,OPT:(?)[sbb+18]
J2325+6316,351.3054983,8.3E-07,63.2812117,2.8E-07,-5.92,0.08,-2.05,0.19,0.01,0.05,48309,Deller+ 2019,PSR,,1.436309536149,1.1E-11,2.82546E-15,7E-20,197.37,0.05,4.86,4.855,2040000000000,NAN
J2330-2005,352.61202,2.9E-05,-20.09156,4.7E-05,74.7,1.9,5,3,NAN,0,49878,,PSR,,1.643622185327,5E-12,4.63038E-15,5E-20,8.456,0.002,0.86,0.861,2790000000000,NAN
J2337+6151,354.27401,4.2E-05,61.850425,1.9E-05,-1,18,-15,16,NAN,0,53100,,PSR,,0.495369868028,5E-12,1.934498E-13,8E-19,58.41,0.015,0.7,2.079,9910000000000,SNR:G114.3+0.3[frs93]
J2339-0533,354.91142,4.2E-05,-5.551478,8.3E-06,4.15,0.48,-10.31,0.3,0.75,0.25,55100,,Binary PSR,,0.002884226741547,1.7E-16,1.4102E-20,7E-24,8.717,0.004,1.1,0.751,204000000,GRS:3FGL_J2339.6-0533[ssc+19]
J2346-0609,356.7104075,4.2E-07,-6.1666386,5.6E-07,37.38,0.03,-20.21,0.09,0.27,0.03,51021,,PSR,,1.181463382967,5E-12,1.36305E-15,5E-20,22.504,0.019,3.7,3.7,1280000000000,NAN
J2354+6155,358.5199292,4.2E-07,61.9296792,2.8E-07,22.76,0.05,4.897,0.025,0.41,0.04,49405,,PSR,,0.944783886655,1.1E-11,1.626279E-14,9E-20,94.662,0.006,2.44,2.399,3970000000000,NAN
